티커,종목명,시장,타깃그룹,Sector,Industry,종가,시가총액,PBR,PER,ROE,BPS,DIV
900110,딥커머스,KOSDAQ,일반,기타 금융업,"스포츠화, 스포츠의류",5870.0,21645000000.0,0.00735,0.99,0.7455178875638842,798639.4557823129,102.056
900120,씨엑스아이,KOSDAQ,일반,기타 금융업,건강보조식품,1040.0,17336000000.0,0.01354,0.73,1.848730769230769,76809.45347119645,309.395
084180,수성웹툰,KOSDAQ,일반,일반 목적용 기계 제조업,전동지게차,240.0,4337000000.0,0.03134,,-28.61080833333333,7657.945118059987,145.833
001470,삼부토건,KOSPI,일반,,,5820.0,227794000000.0,0.03218,0.01,231.82759518900343,180857.67557489124,16096.2
900270,헝셩그룹,KOSDAQ,일반,기타 금융업,자회사 제품 : 아동용 완구 및 아동복 등,3090.0,33100000000.0,0.03433,,-0.22775566343042072,90008.73871249636,49.482
099220,SDN,KOSDAQ,일반,기계장비 및 관련 물품 도매업,"태양광기자재 및 선박용엔진 도매, 태양광발전시스템 구축 및 설계",5440.0,34241000000.0,0.04188,,-0.0816044117647059,129894.93791786054,22.978
082660,코스나인,KOSDAQ,일반,기타 화학제품 제조업,화장품,1.0,99000000.0,0.04259,,-894.3900000000001,23.4796900680911,20565.0
312610,에이에프더블류,KOSDAQ,일반,1차 비철금속 제조업,음극마찰용접단자,118.0,2390000000.0,0.05442,,-22.967084745762712,2168.3204704152886,42.373
900340,윙입푸드,KOSDAQ,일반,기타 금융업,육가공 제품,1327.0,47218000000.0,0.06084,1.98,3.0718010550113037,21811.30834976989,3.063
008290,원풍물산,KOSDAQ,일반,봉제의복 제조업,남성용신사복,20.0,406000000.0,0.06139,,-95.15450000000001,325.78595862518324,373.418
046070,코다코,KOSDAQ,일반,자동차 신품 부품 제조업,"Oil Pump, Throttle Body",145.0,2044000000.0,0.07073,0.11,62.87653103448275,2050.049483953061,12142.5
109960,앱토크롬,KOSDAQ,건설/인프라 피어,기타 전문 도매업,"모바일게임 퍼블리싱, 바이오의약품 연구개발업 및 판매, 생산설비 및 연구장비의 대여 및 판매",1825.0,27616000000.0,0.07574,0.55,13.691301917808218,24095.590176921047,
900300,오가닉티코스메틱,KOSDAQ,일반,기타 금융업,"유아용 화장품(클렌징, 여름용, 피부케어, 기능성 화장품)",3010.0,61946000000.0,0.07627,,-16.011632225913623,39465.05834535204,2038.37
002820,SUN&L,KOSPI,일반,플라스틱제품 제조업,"펌프 디스펜서, 스프레이 트리거",1444.0,17419000000.0,0.07839,2.25,3.4852063711911354,18420.716928179616,5.54
900250,크리스탈신소재,KOSDAQ,일반,기타 금융업,"합성운모 플레이크, 파우더, 테이프",1233.0,44159000000.0,0.08051,,-1.3385685320356853,15314.867718295864,8.934
900310,컬러레이,KOSDAQ,일반,기타 금융업,화장품용 진주광택안료,2175.0,27858000000.0,0.08266,,-0.26603218390804595,26312.605855310914,2.46
052300,오션인더블유,KOSDAQ,일반,상품 종합 도매업,운송,1868.0,30344000000.0,0.08662,,-15.07503319057816,21565.458323712766,
007460,에이프로젠,KOSPI,일반,의약품 제조업,"단열장치,철구조물,가열로,특수단열재(금속표면경화육성,원자로용) 제조/단열공사/부동산 임대",2015.0,50024000000.0,0.09392,,-17.63272258064516,21454.42930153322,370.361
000180,성창기업지주,KOSPI,일반,회사 본부 및 경영 컨설팅 서비스업,"합판, 마루, 파티클보드, 우드칩, 포르말린 등 제조",5010.0,69891000000.0,0.10327,,-2.4178784431137723,48513.60511281108,0.998
011080,형지I&C,KOSDAQ,일반,봉제의복 제조업,"의복, 악세사리",653.0,4633000000.0,0.10574,,-26.847920367534456,6175.524872328352,49.916
040610,SG&G,KOSDAQ,일반,자동차 신품 부품 제조업,생활정보신문,3270.0,55732000000.0,0.10651,0.58,18.220701529051986,30701.342596939256,0.727
363280,티와이홀딩스,KOSPI,일반,기타 금융업,지주사업,2040.0,92814000000.0,0.11093,,-8.907026470588237,18389.97566032633,7.353
308100,형지글로벌,KOSDAQ,일반,"섬유, 의복, 신발 및 가죽제품 소매업",골프의류 및 골프잡화,304.0,7849000000.0,0.11328,,-13.452,2683.6158192090393,
003060,에이프로젠바이오로직스,KOSPI,일반,의약품 제조업,"의약품(항생제,영양수액제,드링크제,철결핍성빈혈예방치료제,경옥동충하초) 제조,판매",1636.0,26603000000.0,0.11436,,-40.739002444987776,14305.701294158796,250696.0
001770,SHD,KOSPI,일반,1차 철강 제조업,"석도강판,표면처리강판 제조,임가공,판매",5130.0,6232000000.0,0.11678,9.28,1.2588565302144248,43928.75492378832,3.899
006200,한국전자홀딩스,KOSPI,일반,기타 금융업,"시장조사,경영컨설팅",1898.0,17766000000.0,0.11936,,-2.307962065331928,15901.4745308311,5.269
104480,티케이케미칼,KOSDAQ,일반,화학섬유 제조업,"수지, 폴리에스터, 스판덱스",1850.0,168156000000.0,0.12525,2.74,4.576702702702703,14770.459081836327,
037400,우리엔터프라이즈,KOSDAQ,일반,상품 종합 도매업,"변환장치 제조업 백열전구, 형광등",3615.0,18959000000.0,0.12891,144.6,0.08914937759336099,28042.820572492437,2.766
306040,에스제이그룹,KOSDAQ,일반,"가죽, 가방 및 유사제품 제조업","캉골 가방/모자, 헬렌카민스키 모자",1618.0,15026000000.0,0.12925,,-7.253337453646477,12518.375241779497,15.451
011370,서한,KOSDAQ,건설/인프라 피어,건물 건설업,"건축, 토목",3720.0,75065000000.0,0.13286,3.94,3.3715010752688173,27999.39786241156,6.72
123840,뉴온,KOSDAQ,일반,기타 식품 제조업,건강기능식품 및 생활용품 외,1871.0,29099000000.0,0.13593,,-63.882014430785674,13764.437578165232,468.004
001810,무림SP,KOSDAQ,일반,"펄프, 종이 및 판지 제조업","아트지,CCP지",1164.0,25768000000.0,0.13598,,-7.628431271477662,8560.082365053686,1.289
035290,골드앤에스,KOSDAQ,일반,"서적, 잡지 및 기타 인쇄물 출판업","방과후컴퓨터상설반,교재및CD",384.0,1830000000.0,0.13621,1.41,9.648208333333333,2819.1762719330445,
001070,대한방직,KOSPI,건설/인프라 피어,직물직조 및 직물제품 제조업,"면사,화섬사,면직물 제조,판매,건설",5880.0,31164000000.0,0.1371,735.0,0.018653061224489793,42888.40262582057,5.102
210980,SK디앤디,KOSPI,일반,부동산 임대 및 공급업,"비주거용 부동산개발 및 임대(오피스, 지식산업센터, 호텔 등)",3695.0,68791000000.0,0.1378,,-16.979794316644114,26814.223512336717,5.413
001520,동양,KOSPI,건설/인프라 피어,"시멘트, 석회, 플라스터 및 그 제품 제조업",레미콘/건설공사/산업용 송풍기,1353.0,144936000000.0,0.13849,13.81,1.0031056910569107,9769.658459094519,5.913
225430,케이엠제약,KOSDAQ,일반,기타 화학제품 제조업,"구강제품, 화장품,기타 생활용품",698.0,4527000000.0,0.14597,,-14.136922636103149,4781.80448037268,3.843
139480,이마트,KOSPI,일반,종합 소매업,대형마트,73600.0,2031052000000.0,0.14877,95.71,0.15544039402173915,494723.39853465074,3.397
057680,티사이언티픽,KOSDAQ,일반,소프트웨어 개발 및 공급업,모바일쿠폰,1637.0,25852000000.0,0.14964,,-0.694724496029322,10939.588345362203,
097780,에코볼트,KOSDAQ,일반,자동차 신품 부품 제조업,자동차 신품 부품,1508.0,30601000000.0,0.1509,71.81,0.21013925729442973,9993.373094764744,7.95
007680,대원,KOSDAQ,건설/인프라 피어,건물 건설업,아파트 시행 및 시공,3210.0,42444000000.0,0.15142,,-0.6839844236760125,21199.313168669923,6.231
052790,액토즈소프트,KOSDAQ,일반,소프트웨어 개발 및 공급업,온라인 게임 및 모바일 게임,4125.0,45063000000.0,0.15154,0.87,17.354544484848486,27220.53583212353,
004960,한신공영,KOSPI,건설/인프라 피어,건물 건설업,"토목공사,건축공사,주택건설,유통업(백화점),문화교실,주차장",11330.0,131096000000.0,0.15203,1.57,9.688054721977052,74524.76484904296,1.324
000950,전방,KOSPI,일반,방적 및 가공사 제조업,"면사,면혼방사,마혼방사,화섬사,염색사,자수사,소모사,면직물,면혼방직물,화섬직물,특수가공직물 제조,판매,수출",30350.0,50988000000.0,0.15207,101.17,0.15031630971993412,199579.14118498057,3.295
071840,롯데하이마트,KOSPI,일반,가전제품 및 정보통신장비 소매업,"가전제품,잡화 도소매/부동산 임대",6050.0,142826000000.0,0.15353,,-2.649344132231405,39405.97928743568,4.959
002320,한진,KOSPI,일반,도로 화물 운송업,"포장화물,택배산업,항만하역,고속버스사업,운수보관",14490.0,224864000000.0,0.15374,,-0.7511933747412007,94250.0325224405,4.141
110790,크리스에프앤씨,KOSDAQ,일반,봉제의복 제조업,골프웨어,2935.0,68769000000.0,0.15523,,-1.285209199318569,18907.427687946918,6.814
044380,주연테크,KOSPI,일반,컴퓨터 및 주변장치 제조업,"각종컴퓨터,주변기기 제조/소프트웨어 개발",500.0,6948000000.0,0.15672,38.46,0.40747199999999995,3190.4032669729454,54.809
021820,세원정공,KOSPI,일반,자동차 신품 부품 제조업,"자동차부품(차체류,램프류) 제조",10670.0,106700000000.0,0.15725,2.58,6.083673851921274,67853.73608903021,1.874
234070,에이원큐브텍,KONEX,일반,산업용 기계 및 장비 임대업,"TS패널, 테이블폼, 알루미늄 거푸집",924.0,6431000000.0,0.15749,,,5867.039177090609,
151860,KG에코솔루션,KOSDAQ,일반,자동차 차체나 트레일러 제조업,"집단에너지(스팀), 산화동, 폐기물 소각",5600.0,266576000000.0,0.15773,2.11,7.489358392857144,35503.708869587266,2.679
009440,KC그린홀딩스,KOSPI,일반,기타 금융업,기타금융업,756.0,17568000000.0,0.15842,,-37.84477777777778,4772.124731725792,6.614
024890,대원화성,KOSPI,일반,플라스틱제품 제조업,"합성피혁,벽지,DMF(폐용수)정제,방수투습원단,화공약 임가공,제조,도매,수출입",1714.0,14140000000.0,0.16059,3.64,4.412945740956826,10673.14278597671,2.917
009200,무림페이퍼,KOSPI,일반,"펄프, 종이 및 판지 제조업","지류,아트지,백상지 제조",1474.0,61332000000.0,0.1612,,-16.710556309362282,9143.920595533498,8.48
460850,동국씨엠,KOSPI,일반,1차 철강 제조업,"냉연강판, 칼라강판",5340.0,159658000000.0,0.1615,,-0.9859363295880151,33065.01547987616,5.618
950130,엑세스바이오,KOSDAQ,일반,의료용품 및 기타 의약 관련제품 제조업,"말라리아 진단키트(RDT), HIV 진단키트(RDT)",2350.0,82658000000.0,0.16171,,-20.4373914893617,14532.187248778679,37.064
093240,형지엘리트,KOSPI,일반,봉제의복 제조업,"학생복,스포츠의류,작업복 제조,도매",328.0,20136000000.0,0.16241,1.75,9.259350609756098,2019.5800751185272,29.63
004060,SG세계물산,KOSPI,일반,상품 종합 도매업,"피복류,봉제품,P.E제품 수출입,도매,제조/조경사업",2170.0,43926000000.0,0.16313,11.19,1.4583972350230414,13302.274259792803,
001230,동국홀딩스,KOSPI,일반,기타 금융업,"후판,철근,강판,형강,앵글,찬넬,평철 제조,판매",2205.0,342894000000.0,0.16355,3.06,5.340408163265306,13482.115560990524,0.907
001620,케이비아이동국실업,KOSPI,일반,자동차 신품 부품 제조업,"자동차부품(에어닥트,글로벌박스,노즐,어셈블리류,핸들류) 제조,판매/공장 임대",2165.0,48189000000.0,0.16493,1.02,16.13495334872979,13126.781058630935,4.871
037330,인지디스플레,KOSDAQ,일반,전자부품 제조업,"TFT-LCDCHASSIS,TFT-LCDLAMPREFLECTOR,ICLEADFRAME,TRLEADFRAME",713.0,31290000000.0,0.16559,5.66,2.926274894810659,4305.815568572982,4.909
006840,AK홀딩스,KOSPI,일반,기타 금융업,지주사업,6760.0,89553000000.0,0.16614,5.39,3.081946153846154,40688.575899843505,5.917
007860,서연,KOSPI,일반,기타 금융업,"자동차부품(승용차내장품-도어트림,헤드라이닝,승용차시트) 제조,도매",7430.0,174455000000.0,0.16702,1.93,8.661212113055182,44485.690336486645,3.365
003830,대한화섬,KOSPI,일반,화학섬유 제조업,"화학섬유원사(FY,PTY,S.FIBER)제조",113900.0,151259000000.0,0.16939,9.73,1.740597506584724,672412.7752523761,0.658
001380,SG글로벌,KOSPI,일반,자동차 신품 부품 제조업,자동차시트 및 자동차시트커버(Seat Trim Cover),1192.0,26798000000.0,0.17017,7.36,2.312713087248322,7004.759945936417,41.946
140660,위월드,KONEX,일반,통신 및 방송 장비 제조업,"이동위성통신안테나, 위성방송시스템",753.0,1872000000.0,0.17048,,,4416.940403566401,
002020,코오롱,KOSPI,일반,기타 금융업,지주회사,24600.0,317528000000.0,0.17162,,-3.5586732520325204,143339.93707027152,2.236
067830,세이브존I&C,KOSPI,일반,종합 소매업,"대형할인점(백화점)/부동산 임대/주차장,문화센터 운영",2375.0,97472000000.0,0.17179,2.72,6.321871999999999,13825.018918446942,1.263
004910,조광페인트,KOSPI,일반,기타 화학제품 제조업,"도료(우레탄,에나멜,락카,특수도료) 제조,도매",3470.0,44416000000.0,0.17375,,-5.242543227665705,19971.223021582737,5.764
013120,동원개발,KOSDAQ,건설/인프라 피어,건물 건설업,도급공사,2095.0,190242000000.0,0.17397,7.35,2.366656324582339,12042.306144737597,4.296
012700,리드코프,KOSDAQ,일반,기타 전문 도매업,화공약품운반,2915.0,75774000000.0,0.17495,7.31,2.394684391080617,16661.903400971707,5.146
004890,동일산업,KOSPI,일반,1차 철강 제조업,"봉강,합금철,철근,마봉강,냉간압조용선재,주조,지선,주강,다이아몬드공구 제조,도매",34400.0,83427000000.0,0.17674,23.55,0.7506312209302326,194636.18875183884,2.907
060230,제이케이시냅스,KOSDAQ,일반,기타 화학제품 제조업,화학제품 및 전자재료,1194.0,23336000000.0,0.17799,,-11.806371859296485,6708.242036069441,
024830,세원물산,KOSDAQ,일반,자동차 신품 부품 제조업,라디에이터서포터,8460.0,70641000000.0,0.1781,5.19,3.4314775413711587,47501.40370578327,2.364
012620,원일특강,KOSDAQ,일반,1차 철강 제조업,특수강,6880.0,30272000000.0,0.17847,4.67,3.8184279069767437,38549.89634112176,3.924
008250,이건산업,KOSPI,일반,나무제품 제조업,"컨테이너용합판,목재 파렛트,프레스우드 파렛트,가공목재,제재목 제조/부동산 임대",3105.0,34007000000.0,0.1785,,-6.708840579710144,17394.95798319328,3.221
129260,인터지스,KOSPI,일반,도로 화물 운송업,"화물운송,알선,하역",1878.0,55866000000.0,0.17975,7.86,2.287553248136315,10447.844228094576,5.325
031310,아이즈비전,KOSDAQ,일반,전기 통신업,"홈쇼핑(아이즈홈쇼핑), 국제전화(아이즈텔), 가정용유무선 전화기판매(TopPhone)",998.0,29687000000.0,0.18048,6.88,2.6222044088176353,5529.698581560284,10.02
001130,대한제분,KOSPI,일반,"곡물가공품, 전분 및 전분제품 제조업","소맥분,토코밀,프리믹스,밀가루조제품,제분부산물 제조/파스타 수입,판매",11170.0,188773000000.0,0.18111,,-3.8832448522829006,61675.22500138038,3.581
003240,태광산업,KOSPI,일반,화학섬유 제조업,"석유화학제품(PTA,AN),화섬사,직물 등",904000.0,1006513000000.0,0.18117,8.48,2.1365634623893808,4989788.596345973,0.194
004840,DRB동일,KOSPI,일반,고무제품 제조업,"고무벨트(V벨트,콘베이어벨트,평벨트),프라스틱제품 제조,판매",4000.0,77089000000.0,0.18161,6.63,2.73777075,22025.218875612576,2.0
002920,유성기업,KOSPI,일반,자동차 신품 부품 제조업,"철도차량부품(피스턴링,실린더라이너,발브가이드,타펫트),자동차부품,주강,주물 제조,판매",1854.0,48106000000.0,0.18351,,-11.53123786407767,10102.991662579696,2.157
076340,지에이이노더스,KONEX,일반,기반조성 및 시설물 축조관련 전문공사업,"수중공사, 준설공사 등",4300.0,20947000000.0,0.18426,,,23336.58960164984,4.651
087260,모바일어플라이언스,KOSDAQ,일반,소프트웨어 개발 및 공급업,"블랙박스, 내비게이션, HUD, ADAS",247.0,8040000000.0,0.18685,,-20.424898785425103,1321.915975381322,33.648
002690,동일제강,KOSPI,일반,1차 철강 제조업,"PC강연선, 경강선, 도금선, 마봉강",1436.0,29151000000.0,0.18717,36.82,0.5083307799442897,7672.169685312817,0.696
041650,상신브레이크,KOSPI,일반,자동차 신품 부품 제조업,"자동차 브레이크 슈 어셈블리,브레이크패드 제조/군납업,무역/부동산 임대",2170.0,46593000000.0,0.18889,9.95,1.8976046082949312,11488.16771666049,2.304
016250,SGC E&C,KOSDAQ,건설/인프라 피어,건물 건설업,"건축공사, 플랜트설비, 토목공사",11950.0,60191000000.0,0.19021,,-12.746457573221756,62825.298354450344,4.184
017390,서울가스,KOSPI,건설/인프라 피어,연료용 가스 제조 및 배관공급업,"도시가스공급,가스공급설비공사",54800.0,271260000000.0,0.19332,12.2,1.58395401459854,283467.8253672667,5.018
448780,마이크로엔엑스,KONEX,일반,의료용 기기 제조업,의료용구(전동기),678.0,1815000000.0,0.19387,,,3497.1888378810545,
011170,롯데케미칼,KOSPI,일반,기초 화학물질 제조업,"폴리프로필렌,고밀도폴리에틸렌,에틸렌글리콜,벤젠,에틸렌옥사이드,합성지,부산물 제조",63300.0,2707684000000.0,0.19642,,-8.50905093206951,322268.6080847164,1.58
035620,바른손이앤에이,KOSDAQ,일반,"영화, 비디오물, 방송프로그램 제작 및 배급업",영화 및 콘텐츠 투자배급,643.0,11966000000.0,0.19694,,-10.41362363919129,3264.9537930334113,
014790,HL D&I,KOSPI,건설/인프라 피어,토목 건설업,"토목,건축,전기,환경사업,준설공사,포장공사,주택,중기임대",2495.0,94457000000.0,0.19709,5.82,3.3888420841683367,12659.191232431886,4.008
348950,제이알글로벌리츠,KOSPI,일반,부동산 임대 및 공급업,벨기에 파이낸스 타워,1182.0,233298000000.0,0.19724,5.52,3.571011844331642,5992.699249645102,26.227
005720,넥센,KOSPI,일반,고무제품 제조업,"자동차용 재생타이어튜브,솔리드타이어,고무부품,골프볼,와이어로프소재,특수강선,열처리도금선,건자재 제조,판매,수출입",5580.0,293195000000.0,0.19726,2.73,7.232866666666666,28287.539288249012,3.136
027410,BGF,KOSPI,일반,기타 금융업,지주회사,3725.0,356545000000.0,0.19795,5.38,3.682667114093959,18817.883303864615,3.49
115160,휴맥스,KOSDAQ,일반,기계장비 및 관련 물품 도매업,셋톱박스,5700.0,24552000000.0,0.19838,1.91,10.402768771929823,28732.735154753504,24.245
032080,아즈텍WB,KOSDAQ,일반,"섬유제품 염색, 정리 및 마무리 가공업",직물,1010.0,21705000000.0,0.19907,,-0.45332772277227723,5073.592203747426,1.98
225590,패션플랫폼,KOSDAQ,일반,봉제의복 제조업,여성복,3250.0,16644000000.0,0.19938,1.53,13.017980307692309,16300.531648109138,
033290,로젠,KOSDAQ,일반,"섬유, 의복, 신발 및 가죽제품 소매업","의복, 잡화, 콘덴서",1520.0,85357000000.0,0.19939,15.35,1.298658552631579,7623.250915291639,10.526
000590,CS홀딩스,KOSPI,일반,기타 금융업,"브랜드 수익, 자회사 배당",67800.0,78273000000.0,0.20165,3.33,6.05098709439528,336226.13439127203,0.737
004270,남성,KOSPI,일반,기타 전문 도매업,"수출입(카오디오)/통신기기 제조,판매/이동통신,유선방송,정보통신/생활필수품,식품 판매/부동산 임대",5420.0,24715000000.0,0.20178,4.75,4.2515269372693725,26860.937654871643,3.663
101330,모베이스,KOSDAQ,일반,통신 및 방송 장비 제조업,휴대전화 케이스,3550.0,82171000000.0,0.20225,2.69,7.508887323943663,17552.533992583434,3.944
009580,무림P&P,KOSPI,일반,"펄프, 종이 및 판지 제조업","표백화학펄프(B.K.P) 제조,목재가공,조림사업",1665.0,103843000000.0,0.20262,,-19.446652252252253,8217.352679893396,7.508
003030,세아제강지주,KOSPI,일반,기타 금융업,경영컨설팅업,107400.0,444813000000.0,0.20323,,-5.360049329608938,528465.2856369631,1.676
088910,동우팜투테이블,KOSDAQ,일반,"도축, 육류 가공 및 저장 처리업","육계,삼계",2030.0,52215000000.0,0.20339,1.61,12.664283743842365,9980.825015979153,2.463
021320,KCC건설,KOSDAQ,건설/인프라 피어,건물 건설업,"토목 건축공사, 분양공사",5930.0,126902000000.0,0.20453,2.69,7.608653962900506,28993.301716129663,3.373
013580,계룡건설,KOSPI,건설/인프라 피어,토목 건설업,"건축공사,주택공사,토목공사,포장공사,전기공사",23650.0,211215000000.0,0.20477,1.69,12.113898816067653,115495.43390145041,2.96
052420,오성첨단소재,KOSDAQ,일반,플라스틱제품 제조업,"보호, 기능성 필름",9700.0,94497000000.0,0.20529,0.52,39.63155195876289,47250.23137999902,89.502
005010,휴스틸,KOSPI,일반,1차 철강 제조업,"강관(배관용,구조용,유정용) 제조,도매",4050.0,227561000000.0,0.2061,,-3.144933333333334,19650.65502183406,3.704
012160,영흥,KOSPI,일반,1차 철강 제조업,와이어로프 등,2105.0,32881000000.0,0.20817,,-14.962527790973871,10111.927751357065,4.751
234100,폴라리스세원,KOSDAQ,일반,자동차 신품 부품 제조업,자동차 공조장치 부품,2700.0,39424000000.0,0.20888,15.61,1.3383792592592594,12926.081960934507,
082850,우리바이오,KOSDAQ,일반,기타 식품 제조업,건강기능식품 개발 제조 및 스마트팜 연구개발,4645.0,45016000000.0,0.20914,12.87,1.625393756727664,22210.002868891654,2.153
012320,경동인베스트,KOSPI,일반,기타 금융업,지주회사,46400.0,109737000000.0,0.21066,6.11,3.445471422413793,220260.13481439286,1.616
446070,유니드비티플러스,KOSPI,일반,제재 및 목재 가공업,MDF 등,3840.0,40747000000.0,0.21103,,-1.7420966145833334,18196.464957588967,2.083
200230,텔콘RF제약,KOSDAQ,일반,의약품 제조업,"RF 통신부품(케이블 어셈블리, 커넥터 등)",2195.0,20813000000.0,0.21133,,-27.15999681093394,10386.599157715422,32.329
078860,아이오케이이엔엠,KOSDAQ,일반,"영화, 비디오물, 방송프로그램 제작 및 배급업",연예인 매니지먼트,3040.0,18778000000.0,0.21249,,-10.554601973684212,14306.555602616592,
000540,흥국화재,KOSPI,일반,보험업,손해보험,3525.0,226455000000.0,0.21307,5.05,4.219088226950355,16543.858825738018,16.822
000670,영풍,KOSPI,일반,1차 비철금속 제조업,"제1차 금속산업(아연괴,황산,카드뮴괴),건전지 제조,무역",48650.0,895679000000.0,0.21325,8.72,2.4441562178828367,228135.99062133647,0.01
145210,다이나믹디자인,KOSPI,건설/인프라 피어,특수 목적용 기계 제조업,"타이어 금형, 타이어 제조설비",2240.0,9461000000.0,0.21332,,-14.408623214285715,10500.656291018187,211.249
214330,금호에이치티,KOSPI,일반,자동차 신품 부품 제조업,자동차용 전구 및 LED모듈,6700.0,70061000000.0,0.21341,,-5.00398671641791,31394.96743357856,7.463
023530,롯데쇼핑,KOSPI,일반,종합 소매업,"백화점(의류,식품 및 잡화),할인점 운영/전자상거래",114300.0,3233404000000.0,0.21357,17.86,1.1960293700787403,535187.5263379688,3.5
243870,아이티센코어,KONEX,건설/인프라 피어,"컴퓨터 프로그래밍, 시스템 통합 및 관리업","건설ERP, 내부통제솔루션, 공간관리솔루션, 소프트웨어 개발 및 공급 자문/ IT 컨설팅 外",7800.0,22562000000.0,0.21357,,,36521.98342463829,0.641
123700,SJM,KOSPI,일반,자동차 신품 부품 제조업,자동차및산업용Bellows,3375.0,52666000000.0,0.21421,2.93,7.318048296296296,15755.566966995004,6.074
005740,크라운해태홀딩스,KOSPI,일반,기타 금융업,"비스켓,쵸코렛,사탕,웨이퍼 제조,도매",5230.0,77651000000.0,0.21452,4.64,4.626741108986615,24380.011187768043,2.486
105550,엣지파운드리,KOSDAQ,일반,전자부품 제조업,"자동차용 센서(APS, TPS, IAPS, SLS)",1690.0,26467000000.0,0.21492,,-16.53230769230769,7863.391029220175,3.698
089140,넥스턴앤롤코리아,KOSDAQ,일반,특수 목적용 기계 제조업,CNC자동선반,2090.0,32010000000.0,0.2153,,-10.146913875598086,9707.385044124478,8.531
038110,에코플라스틱,KOSDAQ,일반,자동차 신품 부품 제조업,BUMPER 및 자동차TRIM류,2045.0,84191000000.0,0.21652,4.88,4.436277750611247,9444.854978754849,2.445
114630,폴라리스우노,KOSDAQ,일반,화학섬유 제조업,"PVC가발사, 난연고열사",1628.0,28058000000.0,0.21779,5.22,4.1738624078624085,7475.0906836861195,8.348
006980,우성,KOSPI,일반,"곡물가공품, 전분 및 전분제품 제조업","배합사료,Suit-feed(맞춤 TMR(육성우,건유우,착유우) 사료),농후사료,곡류(강피류 등 부산물) 제조,판매/부동산 임대,무역",17550.0,54229000000.0,0.21854,38.66,0.5653399430199431,80305.6648668436,7.407
016090,대현,KOSPI,일반,봉제의복 제조업,"여성의류 및 악세사리류 제조,도매,유통(백화점)",1392.0,61640000000.0,0.2199,4.7,4.676034482758621,6330.1500682128235,5.747
075180,새론오토모티브,KOSPI,일반,자동차 신품 부품 제조업,"자동차부품(브레이크패드,라이닝)",2940.0,56448000000.0,0.22146,5.51,4.022436734693877,13275.535085342726,4.762
060380,동양에스텍,KOSDAQ,일반,1차 철강 제조업,"열연박판, 열연후판, 무늬강판",1320.0,26004000000.0,0.222,9.71,2.2872727272727276,5945.945945945946,3.788
053700,삼보모터스,KOSDAQ,일반,자동차 신품 부품 제조업,증명서 자동발급기,3905.0,104325000000.0,0.22229,10.28,2.1631293213828426,17567.142021683387,1.28
017000,신원종합개발,KOSDAQ,건설/인프라 피어,건물 건설업,토건,2375.0,27711000000.0,0.2224,3.29,6.760959999999999,10678.956834532375,4.211
058650,세아홀딩스,KOSPI,일반,1차 철강 제조업,지주회사/투자 및 경영컨설팅/부동산 임대,131300.0,532452000000.0,0.22246,5.21,4.266894623000762,590218.466241122,3.275
092440,기신정기,KOSPI,일반,특수 목적용 기계 제조업,"몰드베이스,금형부품,정밀기계기구 제조,도매,무역",1876.0,54779000000.0,0.22384,,-0.1789765458422175,8380.986418870621,3.198
083640,인콘,KOSDAQ,일반,,,5590.0,25667000000.0,0.22388,17.8,1.257572808586762,24968.733249955334,16.986
007700,F&F홀딩스,KOSPI,일반,기타 금융업,지주회사,13590.0,531564000000.0,0.22432,3.23,6.947482560706401,60583.09557774608,3.679
008420,문배철강,KOSPI,일반,1차 철강 제조업,"철강재중 판재류(후판,박판,무늬강판) 제조,도매",2195.0,45005000000.0,0.22493,5.73,3.924746697038724,9758.591561819234,2.278
000070,삼양홀딩스,KOSPI,일반,기타 금융업,"지주회사,경영자문컨설팅",58700.0,455699000000.0,0.2251,,-9.300042930153323,260772.98978231897,5.963
050860,아세아텍,KOSDAQ,일반,특수 목적용 기계 제조업,"농기계(관리기,SS기, 이앙기) 제조",1681.0,37822000000.0,0.22531,6.81,3.3106228435455085,7460.83174293196,2.974
004020,현대제철,KOSPI,일반,1차 철강 제조업,"H형강,제철,제강,철근,압연,스테인레스,주강,시트파일 제조,수출입,중기부품(탱크바퀴)제조,판매",35900.0,4790703000000.0,0.22549,,-0.08542239554317549,159208.83409463835,1.393
118000,메타케어,KOSPI,일반,기계장비 및 관련 물품 도매업,"의약품, 의료소모품, 의료기기 도매",1312.0,28937000000.0,0.2263,,-1.586859756097561,5797.613787008396,
006370,대구백화점,KOSPI,일반,종합 소매업,"백화점운영,임대사업(백화점 코너)",3110.0,33655000000.0,0.22716,,-22.226619935691318,13690.790632153548,1.608
187220,디티앤씨,KOSDAQ,일반,기타 과학기술 서비스업,전기전자규격 인증서비스,1992.0,22957000000.0,0.22768,5.95,3.828955823293173,8749.121574139142,5.02
009460,한창제지,KOSPI,일반,"펄프, 종이 및 판지 제조업","마닐라판지,고급백판지(ALL PULP) 제조,판매,수출입",2620.0,32329000000.0,0.22794,,-4.2021,11494.252873563219,3.817
039310,세중,KOSDAQ,일반,소프트웨어 개발 및 공급업,여행,1295.0,23467000000.0,0.2283,,-3.614015444015444,5672.360928602716,7.722
005820,원림,KOSPI,일반,직물직조 및 직물제품 제조업,"고무,플라스틱제품,산업용포장재,PP.BAG,타포린 제조,도매/부동산 임대/주택 신축,판매/인터넷 정보통신/벤처회사 투자",14420.0,33136000000.0,0.23216,7.22,3.2167522884882107,62112.33631977946,3.19
200880,서연이화,KOSPI,일반,자동차 신품 부품 제조업,자동차 도어 트림 및 시트,11130.0,300826000000.0,0.23219,2.36,9.834174842767297,47934.8809164908,2.246
004970,신라교역,KOSPI,일반,어로 어업,"원양어업(참치,명태,휠레트,연육,명란,새우),어획물 판매/직물 수출",9090.0,145440000000.0,0.2324,3.06,7.583040704070407,39113.59724612737,5.501
013310,아진산업,KOSDAQ,일반,자동차 신품 부품 제조업,자동차 차체 부품,2285.0,88673000000.0,0.23406,7.01,3.3393242888402628,9762.45407160557,4.376
004440,삼일씨엔에스,KOSPI,일반,"시멘트, 석회, 플라스터 및 그 제품 제조업","PHC파일, 강교, PC",5230.0,66588000000.0,0.23481,16.55,1.4187372848948374,22273.32737106597,0.727
032750,삼진,KOSDAQ,일반,통신 및 방송 장비 제조업,리모컨,2955.0,26686000000.0,0.23491,6.31,3.7204020304568526,12579.285683878932,3.046
020000,한섬,KOSPI,일반,봉제의복 제조업,"여성의류,금속 액세서리,신발,가방,선글라스 제조,판매",17620.0,378424000000.0,0.23515,7.0,3.3604296254256525,74930.89517329364,4.257
023350,한국종합기술,KOSPI,건설/인프라 피어,"건축기술, 엔지니어링 및 관련 기술 서비스업","토목설계,건축설계,감리,측량/토목건축공사",3975.0,43526000000.0,0.23539,3.25,7.236391949685533,16886.868601045077,3.774
032560,황금에스티,KOSPI,일반,1차 비철금속 제조업,"스테인레스 냉연, 열연",5510.0,93670000000.0,0.23542,3.54,6.652430852994555,23404.978336589924,2.722
002240,고려제강,KOSPI,일반,1차 철강 제조업,"PC강선,선재 2차제품,와이어로프,비드와이어,SC(Surpass Coat) Stand,각종선재 제조,도매",17040.0,460080000000.0,0.23695,9.47,2.502992957746479,71913.905887318,2.054
016710,대성홀딩스,KOSPI,일반,회사 본부 및 경영 컨설팅 서비스업,"도시가스,일반가스 공급/가스기기,차량용 연료 판매/해외자원개발,부동산 임대",7020.0,112948000000.0,0.23697,4.55,5.205238461538461,29624.00303835929,3.561
016600,큐캐피탈,KOSDAQ,일반,기타 금융업,"사모투자(PEF),벤처투자",2470.0,34485000000.0,0.23719,6.96,3.4090060728744946,10413.59247860365,6.832
004150,한솔홀딩스,KOSPI,일반,기타 금융업,"지주회사,경영자문컨설팅",3500.0,143593000000.0,0.23781,3.27,7.263396857142858,14717.631722803919,3.714
023600,삼보판지,KOSDAQ,일반,"펄프, 종이 및 판지 제조업","골판지,골판지상자",9150.0,146475000000.0,0.23827,4.78,4.984139672131148,38401.8130692072,2.295
004360,세방,KOSPI,일반,도로 화물 운송업,"도로운송,항만하역,창고,지게차 임대",13480.0,257678000000.0,0.2384,4.95,4.812213649851631,56543.62416107383,2.226
034120,SBS,KOSPI,일반,텔레비전 방송업,"TV,라디오방송,광고",11850.0,219832000000.0,0.23898,116.18,0.20570430379746835,49585.739392417774,2.785
023410,유진기업,KOSDAQ,일반,"시멘트, 석회, 플라스터 및 그 제품 제조업",레미콘,3280.0,253579000000.0,0.23929,,-4.581528048780488,13707.217184169836,5.488
122690,서진오토모티브,KOSDAQ,일반,자동차 신품 부품 제조업,"Clutch,Flywheel,Driveplate,Bearing,ATparts",1617.0,37319000000.0,0.23996,,-9.052294372294373,6738.623103850641,1.855
043650,국순당,KOSDAQ,일반,알코올음료 제조업,탁주 및 약주,3590.0,64111000000.0,0.24033,15.15,1.5865796657381617,14937.79386676653,2.228
002460,HS화성,KOSPI,건설/인프라 피어,건물 건설업,아파트 건설,10860.0,110229000000.0,0.24064,4.4,5.4686880294659295,45129.654255319154,6.906
004250,NPC,KOSPI,일반,플라스틱제품 제조업,"산업용기프라스틱제품(플라스틱 파렛트,시트 파렛트) 제조,판매",2840.0,104284000000.0,0.24071,7.57,3.178389084507042,11798.429645631673,3.697
013870,지엠비코리아,KOSPI,일반,자동차 신품 부품 제조업,"V/S,EWP,ITM,CVJOINT",3820.0,72856000000.0,0.24075,3.41,7.058638743455497,15867.082035306335,6.545
000850,화천기공,KOSPI,일반,특수 목적용 기계 제조업,"CNC선반,CNC밀링,연마기(금속공작기계),MC공작기계,COPY밀링기계,주방품 제조,도매",39600.0,87120000000.0,0.24181,4.25,5.683145631313131,163764.93941524337,3.283
352700,씨앤투스,KOSDAQ,일반,화학섬유 제조업,"에어필터, 산업용 및 보건용 마스크",1443.0,37917000000.0,0.24227,,-7.723090783090783,5956.164609732942,3.465
034830,한국토지신탁,KOSPI,일반,신탁업 및 집합투자업,부동산신탁 등,1162.0,293392000000.0,0.24283,7.17,3.3854096385542167,4785.24070337273,6.024
036000,예림당,KOSDAQ,일반,"서적, 잡지 및 기타 인쇄물 출판업",무선가입자망 단말기 및 차량용핸즈프리,2800.0,64495000000.0,0.24317,6.8,3.5780728571428577,11514.578278570547,5.357
010100,한국무브넥스,KOSPI,일반,자동차 신품 부품 제조업,"자동차부품(제동,구동장치),프랜지(관이음쇠),철구조물,산업기계 제조",3420.0,104140000000.0,0.2432,4.76,5.1128888888888895,14062.5,2.924
123420,위메이드플레이,KOSDAQ,일반,소프트웨어 개발 및 공급업,모바일게임,6420.0,66774000000.0,0.24367,6.16,3.958688629283489,26347.10879468133,2.625
043370,피에이치에이,KOSDAQ,일반,자동차 신품 부품 제조업,"자동차용 도어랫치, 도어힌지",11170.0,234570000000.0,0.24513,4.09,5.999869471799462,45567.65797739975,3.581
049830,승일,KOSDAQ,일반,기타 금속 가공제품 제조업,"에어졸캔,에어졸발브,일반관",6290.0,38570000000.0,0.24554,12.12,2.025997774244833,25617.00741223426,2.385
009770,삼정펄프,KOSPI,일반,"펄프, 종이 및 판지 제조업","지류화장지,안면용,위생용 티슈 제조,판매",27750.0,69374000000.0,0.24635,4.57,5.394843063063063,112644.61132535011,3.604
213500,한솔제지,KOSPI,일반,"펄프, 종이 및 판지 제조업","인쇄용지, 산업용지, 특수지 제조 및 판매",7540.0,179456000000.0,0.24661,8.12,3.0351999999999997,30574.591460200318,6.631
058450,한주에이알티,KOSDAQ,일반,"영화, 비디오물, 방송프로그램 제작 및 배급업","컴퓨터, 복사기 등의 부품",912.0,4922000000.0,0.24733,,-44.09633552631579,3687.381231552986,146.82
065130,탑엔지니어링,KOSDAQ,일반,특수 목적용 기계 제조업,LCD Cell Line 자동화 장치,2740.0,43850000000.0,0.24762,,-5.4584846715328466,11065.342056376707,3.65
033830,티비씨,KOSDAQ,일반,텔레비전 방송업,"텔레비젼 방송,문화서비스,광고/출판,음반 제작,도매",1703.0,32198000000.0,0.2478,11.28,2.1971697005284794,6872.477804681194,4.11
128540,에코캡,KOSDAQ,일반,자동차 신품 부품 제조업,"자동차 부품(전선, 케이블, 벌브소켓, LED 등)",1127.0,30080000000.0,0.24941,3.05,8.188260869565218,4518.664047151277,
128820,대성산업,KOSPI,일반,연료 소매업,"주요소운영,기계판매 등",4020.0,181846000000.0,0.25002,,-6.605005970149254,16078.713702903766,2.985
004690,삼천리,KOSPI,일반,연료용 가스 제조 및 배관공급업,도시가스 공급/부동산 임대,131400.0,476558000000.0,0.25014,3.87,6.465757305936074,525305.8287359079,2.283
019680,대교,KOSPI,건설/인프라 피어,초등 교육기관,"학습지,참고서 출판/건설업/종합유선방송 프로그램공급,디지털학원",1617.0,65058000000.0,0.25044,,-11.538515769944341,6456.6363200766655,7.421
084650,랩지노믹스,KOSDAQ,일반,자연과학 및 공학 연구개발업,체외진단 서비스 및 제품,500.0,37119000000.0,0.25087,,-34.870929999999994,1993.0641368039226,10.0
079980,휴비스,KOSPI,일반,화학섬유 제조업,"합성섬유(폴리에스테르원사,원면),재생섬유,폴리에스텔 원사,원면,고상칩 제조,도소매",1924.0,66378000000.0,0.25287,,-4.71831237006237,7608.652667378496,15.593
130740,티피씨글로벌,KOSDAQ,일반,자동차 신품 부품 제조업,"정밀인발강관, 정밀강관, Water pipe, Filler Neck 등",1936.0,21831000000.0,0.25313,1.33,19.102424070247935,7648.243985303993,1.55
000680,LS네트웍스,KOSPI,일반,상품 종합 도매업,"혁화,의류,등산용품 도매,제조/부동산 임대",2970.0,234044000000.0,0.25357,,-0.8025447811447811,11712.742043617147,0.337
088790,진도,KOSPI,일반,기타 전문 도매업,"모피제품 제조,가공",2400.0,29874000000.0,0.2543,4.13,6.156179166666668,9437.672040896578,6.25
002450,삼익악기,KOSPI,일반,악기 제조업,"피아노,기타,현악기,전자악기,동 부분품 제조,임대,도매",1099.0,99493000000.0,0.25474,2.4,10.616098271155597,4314.20271649525,4.55
016380,KG스틸,KOSPI,일반,1차 철강 제조업,"철강재(냉연강판,아연도강판,칼라강판,석도강판,선재류,강관,형강,봉강),비철금속 제조,도매",5730.0,573050000000.0,0.25478,3.09,8.252559860383943,22489.9913650993,5.236
080520,오디텍,KOSDAQ,일반,반도체 제조업,"광반도체, 소자 및 모듈",2865.0,32438000000.0,0.25487,17.05,1.4945256544502616,11241.024836191,3.49
007980,TP,KOSPI,일반,봉제의복 제조업,"봉제의류(자켓,파카,코트),침구 제조,우모가공,생활용품 도소매,무역",1723.0,80804000000.0,0.25551,2.38,10.736461984910042,6743.375993111815,4.353
038620,위즈코프,KOSDAQ,건설/인프라 피어,연료 소매업,인터넷 인프라 및 응용,1930.0,29231000000.0,0.25593,2.05,12.464984455958549,7541.124526237643,3.255
900290,GRT,KOSDAQ,일반,기타 금융업,"광학필름, 포장필름",3405.0,315819000000.0,0.25598,3.63,7.059184140969163,13301.820454723025,1.711
070960,모나용평,KOSPI,일반,일반 및 생활 숙박시설 운영업,"리조트 운영, 콘도 분양",1909.0,91886000000.0,0.2564,,-12.020848611838659,7445.397815912636,3.667
017940,E1,KOSPI,일반,기타 전문 도매업,"LPG(프로판,부탄가스),가스기기판매",95500.0,655130000000.0,0.25648,3.77,6.797122848167539,372348.7211478478,4.764
000050,경방,KOSPI,일반,종합 소매업,"섬유류(면사,면혼방사,면직물,면혼방직물,화섬사,화섬직물) 제조,도매,수출입",8050.0,220692000000.0,0.25659,4.22,6.084848571428571,31373.00752172727,1.988
013890,지누스,KOSPI,일반,가구 제조업,매트리스 및 가구제품,7500.0,164443000000.0,0.25668,,-13.816228800000003,29219.261337073396,1.2
090410,덕신이피씨,KOSDAQ,일반,"구조용 금속제품, 탱크 및 증기발생기 제조업",일체형 데크플레이트 등,3505.0,32304000000.0,0.25843,,-0.4128981455064194,13562.666873041057,2.853
460860,동국제강,KOSPI,일반,1차 철강 제조업,"봉강,형강,후판,냉연강판,칼라강판",10250.0,508482000000.0,0.25845,35.22,0.7337458536585366,39659.50860901528,3.902
013570,디와이,KOSPI,일반,기타 금융업,"자동차부품,유공압기기,소각로,자동세차기,하훼유통,발효기,모터 제조",4110.0,108173000000.0,0.25886,4.8,5.397640389294404,15877.308197481265,4.136
007210,벽산,KOSPI,일반,기타 비금속 광물제품 제조업,"단열재, 천장재, 외장재, 내장재, 외단열, 바닥재 등",1438.0,93987000000.0,0.25927,6.75,3.8403692628650905,5546.341651560149,2.086
091340,S&K폴리텍,KOSDAQ,일반,전자부품 제조업,고밀도폴리우레탄폼시트,2515.0,29434000000.0,0.25993,3.26,7.968430616302187,9675.68191436156,9.94
003480,한진중공업홀딩스,KOSPI,일반,연료용 가스 제조 및 배관공급업,지주회사,4690.0,138494000000.0,0.26061,2.07,12.613746268656717,17996.239591727102,2.559
000860,강남제비스코,KOSPI,일반,기타 화학제품 제조업,"도료(페인트,락카,신나,에나멜,바니쉬),안료 제조,판매",12490.0,162370000000.0,0.26137,,-0.3934152121697358,47786.66258560661,2.002
267290,경동도시가스,KOSPI,일반,연료용 가스 제조 및 배관공급업,도시가스,21700.0,127930000000.0,0.26145,3.45,7.578435483870968,82998.66131191431,4.032
000040,KR모터스,KOSPI,일반,그외 기타 운송장비 제조업,"이륜차(오토바이) 제조,도매",1109.0,21819000000.0,0.26219,0.65,40.61699008115419,4229.757046416721,10954.7
145170,노브랜드,KOSDAQ,일반,편조의복 제조업,"Knit, Woven 의류",2600.0,43961000000.0,0.26237,8.61,3.0475284615384615,9909.6695506346,
006740,블루산업개발,KOSPI,일반,"골판지, 종이 상자 및 종이용기 제조업","골판지원지,지관원지,라이나원지 제조",5030.0,29933000000.0,0.26245,,-22.279552683896622,19165.55534387502,9.543
092780,DYP,KOSPI,일반,자동차용 엔진 및 자동차 제조업,자동차엔진용 피스톤,4100.0,53990000000.0,0.26274,4.32,6.075061463414634,15604.780391261325,1.951
024800,유성티엔에스,KOSDAQ,일반,육상 여객 운송업,"운송,C형강,차량정비",4665.0,164326000000.0,0.26358,1.84,14.345758199356911,17698.611427270658,0.322
124560,태웅로직스,KOSDAQ,일반,기타 운송관련 서비스업,"3자물류주선 (복합운송, 프로젝트운송, CIS운송 등)",1979.0,76628000000.0,0.26394,,-0.6268408287013644,7497.916193074183,6.569
240600,유진테크놀로지,KOSDAQ,일반,기타 금속 가공제품 제조업,이차전지 정밀금형 외,1243.0,10316000000.0,0.26399,,-14.059644408688657,4708.511686048714,
016670,디모아,KOSDAQ,일반,기타 전문 도매업,"h/w,s/w개발",2460.0,25077000000.0,0.26405,1.68,15.746396341463415,9316.417345199772,82.508
900100,파이온엑스,KOSDAQ,일반,자동차 부품 및 내장품 판매업,의류판매,1397.0,7370000000.0,0.26419,,-23.14735576234789,5287.861009122223,
053620,태양,KOSDAQ,일반,기타 금속 가공제품 제조업,"휴대용 부탄가스, 에어졸캔, 외주수탁품",6770.0,58222000000.0,0.26471,3.51,7.550295568685376,25575.157719768802,5.908
015750,성우하이텍,KOSDAQ,일반,자동차 신품 부품 제조업,자동차범퍼,5990.0,479200000000.0,0.26538,2.74,9.671528213689482,22571.407038962996,3.339
114920,대주이엔티,KONEX,일반,1차 철강 제조업,"이중보온관, 엘리베이터 가이드 레일",2795.0,9697000000.0,0.26575,,,10517.403574788335,0.894
025530,SJM홀딩스,KOSPI,일반,자동차 부품 및 내장품 판매업,지주회사및경영자문,3630.0,54210000000.0,0.26584,3.37,7.8873190082644635,13654.829972916039,6.887
000760,이화산업,KOSPI,일반,기타 전문 도매업,"염료(반응성염료,분산염료,범용염료,직접염료,산성염료),염료화성품,합성수지,고무 도매,제조",12860.0,36008000000.0,0.26584,,-0.8744192846034217,48374.9623833885,1.166
034810,해성산업,KOSDAQ,일반,기타 금융업,시설관리 용역 및 부동산 임대,5960.0,188217000000.0,0.26603,,-7.440805536912752,22403.488328384017,4.195
102940,코오롱생명과학,KOSDAQ,일반,기초 의약물질 제조업,"항균제, 수처리제, 원료의약 등",14000.0,183268000000.0,0.26616,5.17,5.148294857142857,52599.93988578299,0.953
003200,일신방직,KOSPI,일반,방적 및 가공사 제조업,"면사,P/C혼방사,P/C혼방직물,화섬사 제조,수출",12080.0,277356000000.0,0.26617,5.9,4.512550993377483,45384.528684675206,3.311
037560,LG헬로비전,KOSPI,일반,텔레비전 방송업,"케이블TV, 인터넷서비스 등",1570.0,121591000000.0,0.26685,,-0.9348248407643311,5883.455124601836,7.643
089470,HDC현대EP,KOSPI,일반,기타 화학제품 제조업,"합성수지(PP컴파운딩가공,자동차범퍼,내장제) 제조,도소매",3850.0,122815000000.0,0.26694,3.81,7.009775064935066,14422.716715366749,4.156
002350,넥센타이어,KOSPI,일반,고무제품 제조업,"타이어,후랩,고무제타이어(승용자동차용,래디알구조) 제조",5560.0,543033000000.0,0.26748,3.76,7.119971223021583,20786.60086735457,3.597
061250,화일약품,KOSDAQ,일반,의약품 제조업,의약품 원료,6770.0,56987000000.0,0.26883,12.02,2.235617282127031,25183.20127961909,6.155
155660,DSR,KOSPI,일반,1차 비철금속 제조업,합섬섬유로프,4435.0,70960000000.0,0.26887,2.25,11.949104171364148,16494.960389779448,5.637
079960,동양이엔피,KOSDAQ,일반,"전동기, 발전기 및 전기 변환 · 공급 · 제어 장치 제조업","휴대폰용,OA기기및통신장비용,디지털가전용전원공급장치",17180.0,129737000000.0,0.269,2.39,11.259481955762515,63866.17100371747,2.619
002070,비비안,KOSPI,일반,봉제의복 제조업,"여성내의류(스타킹,화운데이숀,란제리),카바링사 제조,수출입/부동산 매매,임대",4335.0,20815000000.0,0.26966,,-44.75049688581315,16075.79915449084,34.804
116100,태양기계,KONEX,일반,자동차 신품 부품 제조업,엔진부품,541.0,4025000000.0,0.27012,,,2002.8135643417738,4.621
036460,한국가스공사,KOSPI,일반,연료용 가스 제조 및 배관공급업,"액화천연가스 공급,제조,도매,개발",35900.0,3314036000000.0,0.27013,5.84,4.629080111420612,132898.9745678007,3.214
038950,파인디지털,KOSDAQ,일반,통신 및 방송 장비 제조업,"원격 RF 감시장치, 디지털 광 중계기, 노드분배기",3000.0,30632000000.0,0.27033,,-1.0813200000000003,11097.547442015313,1.667
035760,CJ ENM,KOSDAQ GLOBAL,일반,텔레비전 방송업,"의류, 생활주방, 가전제품, 보석, 기타",36550.0,801510000000.0,0.27084,,-0.15338954856361148,134950.5242947866,5.746
024880,케이피에프,KOSDAQ,일반,기타 금속 가공제품 제조업,볼트류,3875.0,77273000000.0,0.27104,4.33,6.260149677419355,14296.782762691853,4.981
100220,비상교육,KOSPI,일반,"서적, 잡지 및 기타 인쇄물 출판업","참고서 출판/소프트웨어 개발,공급",5000.0,64983000000.0,0.27118,1.89,14.3616928,18437.93790102515,4.4
313760,캐리,KOSDAQ,일반,"전동기, 발전기 및 전기 변환 · 공급 · 제어 장치 제조업",태양광 인버터 등,468.0,5244000000.0,0.27257,,-37.274529914529914,1716.9901309755294,17.094
123890,한국자산신탁,KOSPI,일반,신탁업 및 집합투자업,"부동산 신탁 서비스, REITs",2445.0,299204000000.0,0.27296,4.89,5.5820040899795496,8957.356389214538,6.135
079430,현대리바트,KOSPI,일반,가구 제조업,"일반목재가구(책상,침실가구),주방가구,목창호,사무용가구,선실가구 제조",5690.0,114449000000.0,0.27303,20.77,1.3147666080843585,20840.20071054463,2.285
277410,인산가,KOSDAQ,일반,기타 식품 제조업,죽염 및 죽염응용식품,5700.0,21894000000.0,0.27305,11.18,2.4430789473684213,20875.297564548615,3.509
038540,상상인,KOSDAQ,일반,"컴퓨터 프로그래밍, 시스템 통합 및 관리업",IT 통합 솔루션,1958.0,108332000000.0,0.27342,,-28.417247191011235,7161.144027503475,5.107
031820,아이티센씨티에스,KOSPI,일반,"컴퓨터 프로그래밍, 시스템 통합 및 관리업","시스템(네트웍) 구축/데이터통신장비(모뎀,먹스),종합네트워크시스템 제조,설치,유지보수",5750.0,69604000000.0,0.27373,0.9,30.424494434782606,21006.100902349033,3.422
005880,대한해운,KOSPI,일반,해상 운송업,"외항화물운송,국제해운대리점",2045.0,660018000000.0,0.27403,3.72,7.3566,7462.686567164179,170.623
900260,로스웰,KOSDAQ,일반,기타 금융업,"CAN Control Gateway, CAN기능모듈, BCM 차체제어모듈",1920.0,88377000000.0,0.27436,2.7,10.159893749999998,6998.104679982505,12.644
001630,종근당홀딩스,KOSPI,일반,의약품 제조업,"의약품(항생제,위궤양치료제,장기이식면역억제제,고지혈증치료제(로바이드)) 제조,도매",37800.0,189372000000.0,0.27569,3.53,7.814134021164021,137110.52268852698,3.704
001390,KG케미칼,KOSPI,일반,기초 화학물질 제조업,"콘크리트혼화제, 비료, 친환경농자재, 수처리제",4375.0,290515000000.0,0.27778,3.2,8.679434514285715,15749.874001007991,3.429
088350,한화생명,KOSPI,일반,보험업,생명보험,5900.0,5124327000000.0,0.27784,4.82,5.759293559322034,21235.24330549957,2.542
038010,제일테크노스,KOSDAQ,일반,"구조용 금속제품, 탱크 및 증기발생기 제조업",DECK PLATE,5080.0,45720000000.0,0.27871,3.49,7.993710039370079,18226.83075598292,2.362
045060,오공,KOSDAQ,일반,기타 화학제품 제조업,"접착제,씰란트,광택제,연마제",2100.0,35578000000.0,0.27946,4.04,6.919961904761905,7514.492235024691,2.381
131100,티엔엔터테인먼트,KOSDAQ,일반,"영화, 비디오물, 방송프로그램 제작 및 배급업","연예인 매니지먼트, 계육, 식음료",2385.0,15381000000.0,0.27987,,-23.762547169811324,8521.813699217493,6.537
298540,더네이쳐홀딩스,KOSDAQ,일반,의복 액세서리 제조업,"의류, 여행용 가방 및 잡화류",6610.0,95755000000.0,0.27992,,-0.02964357034795764,23613.889682766505,7.564
023760,한국캐피탈,KOSDAQ,일반,기타 금융업,리스수수료,1405.0,221715000000.0,0.28062,2.14,13.122230604982207,5006.7707219727745,5.694
009310,참엔지니어링,KOSPI,일반,특수 목적용 기계 제조업,FPD Laser Repair 장비 등 (FPD 장비의 개발과 제조 및 판매),5330.0,23329000000.0,0.28072,,-8.405799624765478,18986.890852094613,32.833
003100,선광,KOSDAQ,일반,기타 운송관련 서비스업,"항만하역, 해사(바다모래)",20300.0,133980000000.0,0.28139,2.93,9.61438935960591,72141.86715945842,2.217
024120,KB오토시스,KOSDAQ,일반,자동차 신품 부품 제조업,브레이크패드,3055.0,35132000000.0,0.2822,4.45,6.3367986906710305,10825.655563430191,8.183
014100,메디앙스,KOSDAQ,일반,상품 종합 도매업,"누크, 비비생활용품, 비앙또마망, 지에닉, 닥터 아토피스",1540.0,18172000000.0,0.28278,,-0.8446675324675323,5445.929697998445,0.594
290120,DH오토리드,KOSDAQ,일반,자동차 신품 부품 제조업,자동차 스티어링휠,2120.0,33549000000.0,0.28282,1.85,15.32831037735849,7495.933809490135,4.717
028080,휴맥스홀딩스,KOSDAQ,일반,"컴퓨터 프로그래밍, 시스템 통합 및 관리업","지주사업, IT서비스사업",5350.0,12984000000.0,0.28305,2.26,12.501815887850471,18901.25419537184,9.346
042040,케이피엠테크,KOSDAQ,건설/인프라 피어,기타 전문 도매업,"표면처리약품, 전자동 도금설비",5110.0,44308000000.0,0.28351,,-87.59404853228962,18024.05558886812,58.708
001940,KISCO홀딩스,KOSPI,일반,1차 철강 제조업,지주사업,26400.0,374256000000.0,0.28367,,-1.659039696969697,93065.88641731591,7.008
054180,메디콕스,KOSDAQ,일반,선박 및 보트 건조업,XML/SGML 관련 제품 및 솔루션,2295.0,12686000000.0,0.28458,,-17.7816,8064.5161290322585,9951.65
000210,DL,KOSPI,일반,기초 화학물질 제조업,지주회사,54900.0,1150478000000.0,0.28468,8.81,3.2300031329690344,192848.11015877477,1.821
095720,웅진씽크빅,KOSPI,일반,초등 교육기관,"기타출판 제조/서적,교구,통신판매 도소매/부동산 임대/교구렌탈,컴퓨터운용관련서비스",1254.0,71261000000.0,0.28479,,-5.768473684210526,4403.24449594438,13.557
092230,KPX홀딩스,KOSPI,일반,기초 화학물질 제조업,지주회사,97300.0,411058000000.0,0.28511,1.36,20.970675611510792,341271.7898355021,5.396
006120,SK디스커버리,KOSPI,일반,기타 금융업,"화섬사(폴리에스테르원사(폴리에스터F,폴리에스터SF),폴리에스터직물,아세테이트),석유화학부문(TPA,DMT),섬유원료,직물,BOTTLE용CHIP,접착제,폴리우레탄 제조,",57100.0,994325000000.0,0.28565,6.15,4.642437828371278,199894.97636968317,3.503
003080,SB성보,KOSPI,일반,"비료, 농약 및 살균, 살충제 제조업","완제농약(해비치과립,카스텔란),원제농약(슈퍼유나니,다이아톤) 제조,도매",2240.0,44844000000.0,0.28655,,-8.737216517857144,7817.134880474611,9.152
010960,삼호개발,KOSPI,일반,기반조성 및 시설물 축조관련 전문공사업,"토공사,철근콘크리트공사,포장공사,미장방수공사,상하수도공사,수중공사,비계구조물해체공사/골재,아스콘 제조,판매,중기임대",3090.0,74530000000.0,0.28778,5.46,5.271310032362459,10737.36882340677,6.472
027970,한국제지,KOSPI,일반,"펄프, 종이 및 판지 제조업","펄프, 종이 및 판지 제조업(031701)",2695.0,102491000000.0,0.288,,-24.18345083487941,9357.638888888889,31.685
094970,제이엠티,KOSDAQ,일반,전자부품 제조업,LCD패널용PBA,2710.0,45387000000.0,0.28802,2.23,12.902445756457565,9409.068814665648,2.214
140520,대창스틸,KOSDAQ,일반,1차 철강 제조업,"냉연강판, 이중바닥재",2010.0,42429000000.0,0.28832,6.5,4.432382089552239,6971.42064372919,7.463
344820,KCC글라스,KOSPI,일반,유리 및 유리제품 제조업,판유리 등,24200.0,386486000000.0,0.28871,,-4.181522933884298,83821.13539537945,6.612
096690,에이루트,KOSDAQ,일반,컴퓨터 및 주변장치 제조업,"POS프린터, Mobile프린터, Label프린터",6710.0,26993000000.0,0.28946,,-13.178842026825633,23181.095833621228,24.375
111110,호전실업,KOSPI,일반,봉제의복 제조업,스포츠웨어 및 아웃도어 웨어 OEM,6320.0,57297000000.0,0.28977,2.98,9.710962974683545,21810.401352797046,6.329
067900,와이엔텍,KOSDAQ,건설/인프라 피어,폐기물 처리업,"사업장폐기물중간및최종처리,전문건설,골재제조",5980.0,108833000000.0,0.28993,3.64,7.975499163879599,20625.66826475356,1.672
115570,스타플렉스,KOSDAQ,일반,플라스틱제품 제조업,"광고용플렉스(조명용,비조명용)",2845.0,22715000000.0,0.29001,1.46,19.918437258347975,9810.006551498225,3.515
223220,로지스몬,KONEX,일반,기타 운송관련 서비스업,모바일 컨텐츠 개발 및 유통,89.0,761000000.0,0.29061,,,306.2523657134992,
001020,페이퍼코리아,KOSPI,건설/인프라 피어,"펄프, 종이 및 판지 제조업","제지(신문용지,중질지),합판 제조,건설,석유류 판매",2070.0,73685000000.0,0.29063,,-4.619191787439614,7122.4581082476,112.235
298000,효성화학,KOSPI,일반,기초 화학물질 제조업,-,53400.0,202482000000.0,0.29086,7.34,3.9620143071161045,183593.48139998625,9.363
145990,삼양사,KOSPI,일반,기타 식품 제조업,설탕,47300.0,487826000000.0,0.29099,,-18.05060801268499,162548.54118698236,3.7
002030,아세아,KOSPI,일반,회사 본부 및 경영 컨설팅 서비스업,"회사본부,지주회사 및 경영컨설팅 서비스업",223000.0,459123000000.0,0.2914,16.58,1.7575470852017934,765271.1050102952,2.511
066900,디에이피,KOSDAQ,일반,전자부품 제조업,Build-Up PCB(인쇄회로기판),1726.0,39257000000.0,0.29217,0.75,38.882647161066046,5907.519594756478,2.897
224760,엔에스컴퍼니,KONEX,건설/인프라 피어,토목 건설업,"산업플랜트 건설 및 경상정비, 자동차부품제조판매",2915.0,11484000000.0,0.29273,,,9957.981757933932,1.715
108230,톱텍,KOSDAQ,건설/인프라 피어,특수 목적용 기계 제조업,디스플레이 자동화설비,3315.0,126047000000.0,0.29281,16.49,1.7754090497737556,11321.33465387111,3.017
067990,도이치모터스,KOSDAQ,일반,자동차 판매업,수입자동차,3785.0,110452000000.0,0.29339,49.16,0.5968568031704095,12900.916868332255,10.304
056730,CNT85,KOSDAQ,건설/인프라 피어,건물 건설업,산업설비 제조외,1253.0,18572000000.0,0.29355,,-16.75085794094174,4268.438085505025,38533.5
025870,신라에스지,KOSDAQ,일반,음·식료품 및 담배 도매업,수산물도매,1059.0,4236000000.0,0.29433,,-12.506940509915013,3598.002242381001,1.416
004540,깨끗한나라,KOSPI,일반,"펄프, 종이 및 판지 제조업","펄프,판지원지,화장지 제조,수출입",1228.0,45731000000.0,0.29471,,-24.263176710097724,4166.808048590139,8.143
001500,현대차증권,KOSPI,일반,금융 지원 서비스업,"유가증권의매매,위탁매매,유가증권의 중개,대리/부동산 임대",7910.0,489099000000.0,0.29506,6.35,4.64784778761062,26808.10682573036,4.678
000140,하이트진로홀딩스,KOSPI,일반,기타 금융업,지주회사,7870.0,182637000000.0,0.29535,,-0.4015559085133418,26646.351786016592,4.447
383800,LX홀딩스,KOSPI,일반,기타 금융업,지주회사,8000.0,610245000000.0,0.29579,5.38,5.497996625000001,27046.215220257614,3.625
081580,성우전자,KOSDAQ,일반,통신 및 방송 장비 제조업,휴대폰금속프레스부품(전자파차단ShieldCan),2290.0,35513000000.0,0.29601,3.72,7.962539737991266,7736.225127529476,2.183
039020,이건홀딩스,KOSDAQ,일반,제재 및 목재 가공업,창호,2505.0,56574000000.0,0.29604,46.39,0.6381700598802396,8461.694365626267,1.996
063760,이엘피,KOSDAQ,일반,"측정, 시험, 항해, 제어 및 기타 정밀기기 제조업; 광학기기 제외",OLED 패널검사기 등,2280.0,21261000000.0,0.29717,2.85,10.413983771929825,7672.37608103106,4.386
066670,디티씨,KOSDAQ,일반,부동산 임대 및 공급업,LCD Module,3225.0,60281000000.0,0.29758,11.08,2.6851404651162794,10837.42186974931,1.55
032800,판타지오,KOSDAQ,일반,창작 및 예술관련 서비스업,서비스,1482.0,22388000000.0,0.29783,,-29.240394736842102,4975.993016150153,2153.4
005990,매일홀딩스,KOSDAQ,일반,동·식물성 유지 및 낙농제품 제조업,유제품,10670.0,141892000000.0,0.2985,3.77,7.917104029990626,35745.393634840875,2.437
019010,베뉴지,KOSDAQ,일반,종합 소매업,"백화점,예식장업",4875.0,234975000000.0,0.29864,0.69,42.97965620512821,16324.002143048485,1.436
004990,롯데지주,KOSPI,일반,기타 금융업,지주회사,24450.0,2436779000000.0,0.29892,,-4.691026748466258,81794.46005620233,5.112
357430,마스턴프리미어리츠,KOSPI,일반,부동산 임대 및 공급업,"프랑스 파리 소재 크리스탈파크, 프랑스 아마존 라스트마일 물류센터, 인천 항동 스마트물류센터",912.0,27820000000.0,0.29922,,-4.888572368421052,3047.924603970323,5.044
192390,윈하이텍,KOSDAQ,건설/인프라 피어,"구조용 금속제품, 탱크 및 증기발생기 제조업",데크 플레이트(건설용거푸집),1834.0,21947000000.0,0.29937,,-13.907483097055618,6126.198349868056,1.636
260930,씨티케이,KOSDAQ,일반,기타 화학제품 제조업,완제 화장품 (색조 및 기초),2320.0,44872000000.0,0.2994,,-9.653068965517242,7748.830995323981,4.741
033530,SJG세종,KOSPI,일반,자동차 신품 부품 제조업,"자동차부품,자동차소음기(머플러),배기가스정화기,배기계통부품 제조",6780.0,183414000000.0,0.29979,1.96,15.303439380530973,22615.83108175723,2.95
163560,동일고무벨트,KOSPI,일반,고무제품 제조업,"산업용고무제품, 종합고무부품",5480.0,76172000000.0,0.30013,2.96,10.137602737226278,18258.754539699465,2.737
072710,농심홀딩스,KOSPI,일반,기타 금융업,"지주회사,투자자문,경영컨설팅 서비스",90700.0,420647000000.0,0.30051,3.19,9.431441742006614,301820.2389271572,3.308
002360,SH에너지화학,KOSPI,일반,기초 화학물질 제조업,"합성수지(PS/EPS,ABS수지) 제조",1793.0,19926000000.0,0.30136,,-8.050833240379253,5949.694717281656,5.577
126880,제이엔케이글로벌,KOSDAQ,일반,일반 목적용 기계 제조업,"산업용가열로, 수소충전소",2540.0,58847000000.0,0.30138,13.44,2.2425519685039372,8427.898334328755,1.969
029530,신도리코,KOSPI,일반,컴퓨터 및 주변장치 제조업,"복사기, 3D프린터, 프린터, 주변기기 제조,판매",38750.0,376484000000.0,0.30148,9.93,3.0350283354838714,128532.57264163459,2.581
378850,화승알앤에이,KOSPI,일반,자동차 신품 부품 제조업,자동차용 고무제품,2925.0,55556000000.0,0.30148,1.58,19.088579829059828,9702.136128433063,2.564
038060,루멘스바이오스,KOSDAQ,일반,반도체 제조업,LED개발 및 제조,689.0,33143000000.0,0.30185,,-0.7009579100145139,2282.5906907404337,3.628
023800,인지컨트롤스,KOSPI,일반,자동차 신품 부품 제조업,"자동차부품(터머스위치,터머스탯) 제조",5030.0,79520000000.0,0.30196,3.32,9.094819085487078,16657.835474897336,5.368
103230,에스앤더블류,KOSDAQ,일반,일반 목적용 기계 제조업,"디젤엔진부품, 산업부품, 단조품",2260.0,16272000000.0,0.30291,10.13,2.9888907079646017,7460.96200191476,4.425
205470,휴마시스,KOSDAQ,일반,의료용품 및 기타 의약 관련제품 제조업,체외진단키트,2715.0,66992000000.0,0.30323,,-6.779396316758748,8953.599577878178,9.654
011330,유니켐,KOSPI,일반,자동차 신품 부품 제조업,"피혁 제조,도매,무역,부동산임대",4180.0,41878000000.0,0.30358,,-11.06106076555024,13769.02299229198,4.785
069920,엑시온그룹,KOSDAQ,일반,무점포 소매업,"해외, 국내상품 소싱 및 판매대행 서비스",1369.0,31068000000.0,0.3042,,-42.93019722425128,4500.328731097961,
072470,우리산업홀딩스,KOSDAQ,일반,자동차 신품 부품 제조업,HVAC ACTUATOR (자동차 공조장치 부품 등),2375.0,44857000000.0,0.30481,3.74,8.149656842105264,7791.739116170728,2.526
084010,대한제강,KOSPI,일반,1차 철강 제조업,"제강,철재,철근,환봉,마환봉,빌레트 제조",8210.0,282190000000.0,0.30494,63.15,0.4828526187576126,26923.329179510725,4.06
487570,HS효성,KOSPI,일반,기타 금융업,지주사업,47800.0,178099000000.0,0.30507,3.63,8.401551213389121,156685.35090307143,2.092
025000,KPX케미칼,KOSPI,일반,기초 화학물질 제조업,"PPG,PU RESIN,우레탄수지,대향막박리재,반도체 CM PAD,Polyether Polyol,산업용기초화학제품,화공약품 제조,판매",56000.0,232217000000.0,0.30565,2.48,12.323698839285713,183216.09684279407,6.696
050760,에스폴리텍,KOSDAQ,일반,플라스틱제품 제조업,유무선 통신용 소프트웨어,1199.0,19585000000.0,0.30569,,-1.6062110091743118,3922.274199352285,2.085
025750,한솔홈데코,KOSPI,일반,제재 및 목재 가공업,"PB,MDF,바닥재,강화,재생목재,LPM,제재목 제조,도소매,무역/임업,벌목관련 사업",1900.0,30614000000.0,0.30593,,-22.059163157894737,6210.571045664041,5.263
057540,옴니시스템,KOSDAQ,건설/인프라 피어,"측정, 시험, 항해, 제어 및 기타 정밀기기 제조업; 광학기기 제외","전자식전력량계,설비미터,원격검침시스템",582.0,34567000000.0,0.30598,18.77,1.6297903780068728,1902.0851036015426,
037710,광주신세계,KOSPI,일반,종합 소매업,백화점,35150.0,268095000000.0,0.30629,5.64,5.429567539118065,114760.5210747984,6.828
192440,슈피겐코리아,KOSDAQ,일반,그외 기타 제품 제조업,"핸드폰 케이스, 액정보호필름",29750.0,184936000000.0,0.30652,3.54,8.653652033613445,97057.28826830223,1.681
122450,KX,KOSDAQ,일반,텔레비전 방송업,방송채널사업 및 방송송출서비스,2625.0,117652000000.0,0.3066,6.73,4.5552,8561.643835616438,7.238
377740,바이오노트,KOSPI,일반,의료용품 및 기타 의약 관련제품 제조업,"Rapid 반제품 및 완제품, 동물용신속진단 키트",4640.0,472751000000.0,0.30684,,-8.14713103448276,15121.887628731587,4.914
137310,에스디바이오센서,KOSPI,일반,의료용 기기 제조업,STANDARD Q 항원/항체 진단키트(COVID-19 진단키트),6160.0,743814000000.0,0.30705,,-29.937375,20061.879172773166,3.247
043360,디지아이,KOSDAQ,일반,컴퓨터 및 주변장치 제조업,"잉크젯 플로터, 커팅 플로터",2365.0,21285000000.0,0.30712,,-2.8569302325581396,7700.5730659025785,2.114
002380,KCC,KOSPI,일반,기타 화학제품 제조업,"건축용단열재,내외장재,스레트,밤라이트,암면,석고보드,판유리 제조",464000.0,3987103000000.0,0.30807,1.12,27.481769437500002,1506151.199402733,3.233
202960,판도라티비,KONEX,일반,소프트웨어 개발 및 공급업,"판도라TV, KM 플레이어",499.0,5945000000.0,0.31042,,,1607.4995167837126,
081000,일진다이아,KOSPI,일반,기타 화학제품 제조업,"공업용 합성다이아몬드 제조,도매,수출입",9250.0,131377000000.0,0.31103,9.0,3.456636108108108,29739.896473009037,3.243
000910,유니온,KOSPI,일반,"시멘트, 석회, 플라스터 및 그 제품 제조업","백시멘트,타일시멘트,알루미나시멘트,용융알루미나,급결제,필터프레스,유니필터제조,도매",2955.0,46132000000.0,0.31121,0.77,40.54681895093062,9495.19616978889,4.23
001080,만호제강,KOSPI,일반,1차 철강 제조업,"와이어로프,합성섬유로프,특수강선 제조,수출,임대",3960.0,139055000000.0,0.31176,136.55,0.2283090909090909,12702.078521939955,3.788
270870,뉴트리,KOSDAQ,일반,기타 식품 제조업,"에버콜라겐, 지노마스터 등",3800.0,34180000000.0,0.31189,7.28,4.2843836842105265,12183.782743916125,6.579
031510,오스템,KOSDAQ,일반,자동차 신품 부품 제조업,휠,1142.0,31976000000.0,0.31228,2.79,11.184108581436078,3656.9745100550786,1.751
058400,KNN,KOSDAQ,일반,텔레비전 방송업,방송프로그램 제작 및 송출,5760.0,76279000000.0,0.31293,2.24,13.994925,18406.672418751798,4.34
002170,SYTS,KOSPI,일반,"가죽, 가방 및 유사제품 제조업","피혁원단,혁제운동화,혁제장갑,혁제스포츠용품 제조,상품중개,무역",53800.0,161400000000.0,0.31319,6.42,4.88005905204461,171780.70819630256,4.275
061040,알에프텍,KOSDAQ,일반,통신 및 방송 장비 제조업,"핸드폰 충전기, 핸즈프리",7430.0,67228000000.0,0.31336,,-18.476852759084792,23710.748021444982,3.365
035080,그래디언트,KOSDAQ,일반,무점포 소매업,전자상거래,12080.0,134983000000.0,0.31368,,-3.915806622516556,38510.58403468503,1.656
019540,일지테크,KOSDAQ,일반,자동차 신품 부품 제조업,"차체(라지에타, 팩케이지, 씨트 크로스, 대쉬 판넬)",5090.0,68783000000.0,0.31383,1.44,21.869450098231827,16218.9720549342,2.947
083550,케이엠,KOSDAQ,일반,기타 섬유제품 제조업,클린룸용Wiper,3300.0,44735000000.0,0.31387,9.65,3.252834545454545,10513.907031573583,1.448
054620,APS,KOSDAQ,일반,,,3770.0,69346000000.0,0.31405,6.88,4.5649708222811665,12004.457888871199,2.653
012800,대창,KOSPI,일반,1차 비철금속 제조업,"황동봉,동합금괴 제조,판매",1195.0,108912000000.0,0.31423,4.82,6.521258577405857,3802.946886038889,2.51
007770,한일화학,KOSDAQ,일반,기초 화학물질 제조업,산화아연,8030.0,28185000000.0,0.31447,,-13.831980572851807,25535.027188603046,0.623
053270,구영테크,KOSDAQ,일반,자동차 신품 부품 제조업,엔진 브라켓(Engine Bracket) 등,1983.0,54354000000.0,0.3145,1.89,16.668658598083713,6305.246422893481,3.53
005360,모나미,KOSPI,일반,생활용품 도매업,"BP153(BALL POINT PEN), P-3000(PLUS PEN), 유성매직, 보드마카, 네임펜, PARKER, WARTERMAN, 색연필",1278.0,24150000000.0,0.31469,,-14.13396400625978,4061.1395341447137,2.347
244880,나눔테크,KONEX,일반,의료용 기기 제조업,"자동심장충격기, 골밀도진단기",1685.0,8458000000.0,0.31475,,,5353.455123113583,5.935
047820,초록뱀미디어,KOSDAQ,일반,"영화, 비디오물, 방송프로그램 제작 및 배급업",방송프로그램 제작 및 공급,3295.0,80575000000.0,0.31481,24.05,1.3089216995447648,10466.63066611607,
087600,픽셀플러스,KOSDAQ,일반,전자부품 제조업,CMOS 이미지센서 및 칩셋,3960.0,32339000000.0,0.31487,,-3.1487000000000003,12576.618922094833,1.263
001200,유진투자증권,KOSPI,일반,금융 지원 서비스업,"유가증권 매매,중개,인수",4175.0,404417000000.0,0.31527,2.79,11.319514491017966,13242.617439020521,4.311
005800,신영와코루,KOSPI,일반,봉제의복 제조업,"여성용 내의류(화운데이션,란제리,블래지어),환자,노령자용 파자마,남성용 내의류 제조",13570.0,122130000000.0,0.31529,74.97,0.4205415622697126,43039.741190649875,1.29
058860,KTis,KOSPI,일반,기타 정보 서비스업,"114전화번호안내, 고객센터",2520.0,87701000000.0,0.31555,2.37,13.29817857142857,7986.056092536841,5.556
198080,캐프,KOSDAQ,일반,전자부품 제조업,"스마트폰 OLED용 FPCA, 차량용 와이퍼",2125.0,45762000000.0,0.31573,2.2,14.352714352941176,6730.434231780318,9.412
130500,GH신소재,KOSDAQ,일반,기타 섬유제품 제조업,"자동차용 부직포, 폴리우레탄 폼",1891.0,27504000000.0,0.31634,,-2.860610259122158,5977.745463741544,4.332
046940,우원개발,KOSDAQ,일반,기반조성 및 시설물 축조관련 전문공사업,토공사,2840.0,51331000000.0,0.31635,1.19,26.555577464788733,8977.398451082661,4.225
073560,우리손에프앤지,KOSDAQ,일반,"도축, 육류 가공 및 저장 처리업","양돈업, 도축업",1538.0,106487000000.0,0.31665,3.9,8.111840052015605,4857.09774198642,9.753
006650,대한유화,KOSPI,일반,기초 화학물질 제조업,"폴리프로필렌,고밀도폴리에틸렌,나프타분해유분,올레핀류,혼합C4류,분해가솔린 제조",99200.0,644800000000.0,0.31701,8.75,3.6229257762096774,312923.88252736506,1.31
010780,아이에스동서,KOSPI,일반,"시멘트, 석회, 플라스터 및 그 제품 제조업","타일,위생도기,콘크리트파일,P.C관,침목 제조,도매",15530.0,461624000000.0,0.31774,5.72,5.554823567289118,48876.43985648643,3.22
003380,하림지주,KOSDAQ GLOBAL,일반,기타 금융업,지주사업,11190.0,1253342000000.0,0.31828,7.49,4.2494219839142096,35157.722759834105,1.072
227840,현대코퍼레이션홀딩스,KOSPI,일반,음·식료품 및 담배 도매업,"브랜드사업, 육류유통",12960.0,117946000000.0,0.31867,2.22,14.32785563271605,40669.03065867512,3.858
227950,엔투텍,KOSDAQ,일반,특수 목적용 기계 제조업,반도체장비 부품 제조업,1277.0,44066000000.0,0.31895,4.11,7.7676938136256855,4003.7623451951713,
021050,서원,KOSPI,일반,금속 주조업,"비철금속(황동 빌레트,인코트) 제조,재생원료생산",1109.0,52649000000.0,0.32001,5.78,5.540299368800722,3465.5167026030435,1.353
060980,HL홀딩스,KOSPI,일반,기타 금융업,지주회사 및 경영컨설팅 서비스업,39850.0,356910000000.0,0.32024,6.67,4.800787352572146,124437.92155883087,5.019
026940,부국철강,KOSPI,일반,1차 철강 제조업,철강,2210.0,44200000000.0,0.32053,21.25,1.5083764705882352,6894.830437088573,3.62
016610,DB증권,KOSPI,일반,금융 지원 서비스업,"유가증권,위탁매매,인수,자기매매",10210.0,433377000000.0,0.32066,4.04,7.930132223310481,31840.578806212186,5.387
101240,씨큐브,KOSDAQ,일반,기초 화학물질 제조업,진주광택안료,3295.0,37421000000.0,0.32077,3.28,9.773993323216995,10272.157620725131,5.356
000480,CR홀딩스,KOSPI,일반,"내화, 비내화 요업제품 제조업","내화연와(정형,부정형,S/N,CCN),단열벽돌,스라이딩노즐,연주용 특수내화물 제조",4270.0,200222000000.0,0.32084,,-4.76376018735363,13308.814362298965,9.602
138070,신진에스엠,KOSDAQ,일반,기타 금속 가공제품 제조업,표준 플레이트,1492.0,26114000000.0,0.32087,21.31,1.5054222520107237,4649.858198024122,2.011
032280,삼일,KOSDAQ,일반,도로 화물 운송업,운송 및 하역수입,1338.0,21693000000.0,0.32134,15.38,2.0894304932735426,4163.81402875459,2.99
007280,한국특강,KOSPI,일반,1차 철강 제조업,"철강압연제품(앵글,이형형강,평철,환봉) 제조,판매",2365.0,67749000000.0,0.32173,,-1.7957023255813955,7350.884281851241,16.913
018500,동원모빌리티,KOSPI,일반,자동차 신품 부품 제조업,"자동차부품(도어후레임,머플러,임팩트빔),강관 제조,판매",1352.0,63212000000.0,0.32229,1.33,24.21942603550296,4194.979676688697,3.698
033540,파라텍,KOSDAQ,일반,특수 목적용 기계 제조업,소방기기,2770.0,28944000000.0,0.3225,,-34.12445848375451,8589.147286821706,8.949
054410,케이피티유,KOSDAQ,일반,기타 전문 도매업,"Vacuum Treatment, Plasma Surface Treatment",3365.0,19269000000.0,0.32253,4.46,7.22697236255572,10433.13800266642,1.486
060900,에이전트AI,KOSDAQ,일반,전기업,풍력 및 태양광 발전업,3100.0,20285000000.0,0.32274,,-44.96496967741936,9605.25500402801,
021650,한국큐빅,KOSDAQ,일반,플라스틱제품 제조업,Curl Fit(표면처리사업),1972.0,32243000000.0,0.32335,8.25,3.91889705882353,6098.654708520179,5.071
096630,에스코넥,KOSDAQ,일반,통신 및 방송 장비 제조업,WaferProber,1798.0,28545000000.0,0.32351,1.46,22.11311401557286,5557.788012735309,11.684
003070,코오롱글로벌,KOSPI,코오롱글로벌,토목 건설업,"토목공사,일반건설,주택건설,해외건설,소각로설비공사/환경플랜트,폐처리기 제조",9360.0,237968000000.0,0.32419,,-13.705340064102561,28871.957802523215,4.274
067570,엔브이에이치코리아,KOSDAQ,일반,자동차 신품 부품 제조업,"헤드라이너, NVH부품",1630.0,68737000000.0,0.32439,,-16.856339263803683,5024.815808132186,9.202
018310,삼목에스폼,KOSDAQ,일반,"구조용 금속제품, 탱크 및 증기발생기 제조업","갱폼,알루미늄폼,특수폼,알루미늄압출재",14550.0,213885000000.0,0.32448,41.22,0.7872263917525774,44840.97633136095,2.062
000320,노루홀딩스,KOSPI,일반,기타 금융업,지주사업,16000.0,212658000000.0,0.32456,5.82,5.5804035,49297.51047572098,3.75
177830,파버나인,KOSDAQ,일반,전자부품 제조업,"알루미늄 소재 TV 외관재(프레임, 스탠드)",2200.0,24917000000.0,0.32584,,-4.339596363636364,6751.780014731156,3.636
021880,메이슨캐피탈,KOSDAQ,일반,기타 금융업,리스수입,1207.0,25610000000.0,0.32691,,-1.2729718309859155,3692.1476859074364,27.341
009140,케이아이이,KOSPI,일반,전자부품 제조업,"스위치,리모콘,배선기구,섬머스타트,게임기,전자부품 제조,판매",22200.0,34871000000.0,0.32697,5.18,6.306691621621622,67896.13726029912,2.252
005960,동부건설,KOSPI,건설/인프라 피어,토목 건설업,"건축공사,토목공사,전기공사,기계설비공사/비금속,철구조물 제조,판매/여객,자동차 운송,항만하역",8720.0,200094000000.0,0.327,2.52,12.975,26666.666666666664,3.44
137940,넥스트아이,KOSDAQ,일반,"측정, 시험, 항해, 제어 및 기타 정밀기기 제조업; 광학기기 제외","LCD 편광필름 검사장비, BLU 검사장비 등",1957.0,19202000000.0,0.32765,,-70.03372253449156,5972.836868609797,8.687
084730,팅크웨어,KOSDAQ,일반,통신 및 방송 장비 제조업,"내비게이션,블랙박스,태블릿 및 위치정보서비스",6600.0,73322000000.0,0.32792,,-11.109532121212123,20126.86020980727,3.939
054800,아이디스홀딩스,KOSDAQ,일반,기타 전문 서비스업,비금융지주회사,14920.0,154388000000.0,0.32795,2.96,11.076005697050938,45494.740051837165,2.011
017650,대림제지,KOSDAQ,일반,기타 종이 및 판지 제품 제조업,골판지원지,10800.0,94878000000.0,0.328,15.86,2.068222222222222,32926.829268292684,0.926
080470,성창오토텍,KOSDAQ,일반,자동차 신품 부품 제조업,"차량용 에어컨필터, 차량용인버터 등",2715.0,19819000000.0,0.32843,3.98,8.25006482504604,8266.60171117133,2.578
003300,한일홀딩스,KOSPI,일반,"시멘트, 석회, 플라스터 및 그 제품 제조업",지주사업,17990.0,554657000000.0,0.32877,10.16,3.236529571984436,54719.1045411686,5.559
079970,투비소프트,KOSDAQ,일반,소프트웨어 개발 및 공급업,"MiPlatform, X Platform",596.0,7646000000.0,0.33106,3.33,9.942909395973155,1800.2778952455747,50.336
006090,사조오양,KOSPI,일반,수산물 가공 및 저장 처리업,"원양어업/수산물가공(게맛살) 제조,수출입/냉동 및 냉장보관/부동산 임대",8730.0,82260000000.0,0.33179,8.13,4.081815120274913,26311.82374393442,1.145
019180,티에이치엔,KOSPI,일반,기타 전기장비 제조업,"자동차부품(전기배선장치류) 제조,도매",5020.0,90360000000.0,0.33191,1.19,27.84870358565737,15124.58196499051,2.39
036220,오상헬스케어,KOSDAQ,일반,의료용 기기 제조업,"생화학 측정기 및 센서, 면역진단기기 및 마커, 분자진단기기 및 시약 등",6750.0,96588000000.0,0.33201,,-2.8774200000000003,20330.712930333422,2.963
237820,플레이디,KOSDAQ,일반,광고업,온라인 광고 대행,2295.0,29438000000.0,0.33244,7.13,4.6642997821350765,6903.501383708338,8.279
014830,유니드,KOSPI,일반,기초 화학물질 제조업,"탄산칼륨,가성칼륨,가성카리,탄산카리(무기화합물),MDF(가공목재) 제조,도매",61200.0,414177000000.0,0.33251,4.75,6.993033022875816,184054.61489880006,3.268
017370,우신시스템,KOSPI,건설/인프라 피어,특수 목적용 기계 제조업,"자동차차체자동설비, 2차전지설비, 자동차부품",3450.0,63183000000.0,0.3328,4.61,7.225136231884058,10366.586538461539,0.87
008260,NI스틸,KOSPI,일반,1차 철강 제조업,"스틸파이프,철강재임가공 제조,도매",3410.0,97526000000.0,0.3332,5.28,6.312234604105573,10234.093637454982,2.933
221980,케이디켐,KOSDAQ,일반,기타 화학제품 제조업,PVC 안정제,9470.0,38209000000.0,0.33337,4.54,7.3468129883843725,28406.87524372319,5.28
023000,삼원강재,KOSPI,일반,자동차 신품 부품 제조업,"열간압연제품(평강,봉강,특수이형강,환강,자동차용 겹판스프링) 제조,판매",2210.0,87825000000.0,0.33382,6.7,4.984642533936651,6620.334311904619,4.977
092600,앤씨앤,KOSDAQ,일반,반도체 제조업,차량용 블랙박스 / 영상처리용 시스템반도체,3670.0,18411000000.0,0.33564,0.9,37.450839237057224,10934.334405911095,5.514
063080,컴투스홀딩스,KOSDAQ,일반,소프트웨어 개발 및 공급업,모바일게임,11680.0,77031000000.0,0.33572,4.08,8.234912671232877,34790.89717621828,
006890,태경케미컬,KOSPI,일반,기초 화학물질 제조업,"드라이아이스,액체탄산,고체탄산 제조",4940.0,57304000000.0,0.33574,8.03,4.179759109311741,14713.7666051111,3.644
033920,무학,KOSPI,일반,알코올음료 제조업,소주,7570.0,215745000000.0,0.3359,6.43,5.222645970937913,22536.469187258113,7.477
024070,WISCOM,KOSPI,일반,플라스틱제품 제조업,"플라스틱제품(PVC컴파운드,ABS,PS가공) 제조,도매,임가공",1985.0,30422000000.0,0.33607,9.59,3.5046090680100748,5906.50757282709,2.519
049800,우진플라임,KOSPI,일반,특수 목적용 기계 제조업,"플라스틱사출성형기 제조,판매",1815.0,36300000000.0,0.33612,14.52,2.314876033057851,5399.857193859337,2.755
014470,부방,KOSDAQ,일반,부동산 임대 및 공급업,"자회사관리, 부동산임대",1056.0,60244000000.0,0.33638,,0.0,3139.3067364290387,1.894
064800,포니링크,KOSDAQ,일반,"섬유, 의복, 신발 및 가죽제품 소매업",의류제품,2315.0,59174000000.0,0.33661,,-82.63302937365012,6877.395205133537,2.16
033200,모아텍,KOSDAQ,일반,전자부품 제조업,위치제어용초정및소형모터,2525.0,23241000000.0,0.33714,,-0.5874914851485148,7489.470249747879,2.376
066130,하츠,KOSDAQ,일반,가정용 기기 제조업,"레인지후드, 빌트인 기기 등",3380.0,43264000000.0,0.33798,5.72,5.909650295857988,10000.591750991183,4.142
014280,금강공업,KOSPI,건설/인프라 피어,1차 철강 제조업,"건설가설재,강관,거푸집 제조,판매",4480.0,131395000000.0,0.3381,,-4.3771875,13250.517598343686,2.679
054040,한국컴퓨터,KOSDAQ,일반,전자부품 제조업,PCB Assembly (PBA),4385.0,70472000000.0,0.33875,2.72,12.468472063854048,12944.649446494464,6.842
003460,유화증권,KOSPI,일반,금융 지원 서비스업,증권업,2985.0,169256000000.0,0.33892,12.54,2.7022767169179227,8807.388174200401,7.37
000120,CJ대한통운,KOSPI,일반,도로 화물 운송업,"Contract Logistics, 포워딩, 항만하역, 해운, 택배국제특송, SCM Consulting",70900.0,1617395000000.0,0.33925,7.25,4.67629090267983,208990.4200442152,1.128
004980,성신양회,KOSPI,일반,"시멘트, 석회, 플라스터 및 그 제품 제조업","시멘트,레미콘 제조",8300.0,203483000000.0,0.33957,6.69,5.077185180722891,24442.677503901996,4.217
004430,송원산업,KOSPI,일반,기타 화학제품 제조업,"폴리머첨가제(PVC안정제,산화방지제),폴리우레탄수지,프라스틱첨가제 제조",11550.0,277200000000.0,0.33995,5.94,5.724699134199134,33975.58464480071,2.597
053950,경남제약,KOSDAQ,일반,,,2180.0,42770000000.0,0.34063,,-14.781466972477064,6399.90605642486,31.711
065690,파커스,KOSDAQ,일반,고무제품 제조업,"프린터 부품, LED 조명기기,및 헬스케어 제품 제조업체",1827.0,21950000000.0,0.34085,22.56,1.5111576354679803,5360.1290890421005,8.21
224060,더코디,KOSDAQ,일반,전자부품 제조업,"반도체 및 평판디스플레이 제조용 장비(IRIS, LOZIX, HP/CP)",5490.0,28332000000.0,0.34109,1.04,32.64896083788707,16095.45867659562,2.429
054930,유신,KOSDAQ,건설/인프라 피어,"건축기술, 엔지니어링 및 관련 기술 서비스업",토목설계 및 감리,17820.0,53460000000.0,0.34157,4.51,7.569359876543209,52170.85809643704,5.051
195500,마니커에프앤지,KOSDAQ,일반,"도축, 육류 가공 및 저장 처리업","육가공품, 튀김류, 패티류, 삼계탕 등",1719.0,27466000000.0,0.3416,10.23,3.338499127399651,5032.201405152225,0.932
066360,체리부로,KOSDAQ,일반,"도축, 육류 가공 및 저장 처리업","육계, 사료",1500.0,35964000000.0,0.34202,1.82,18.83390133333333,4385.708438103035,5.702
005710,대원산업,KOSDAQ,일반,자동차 신품 부품 제조업,자동차시트,11050.0,221415000000.0,0.34207,3.17,10.788361538461539,32303.329727833487,2.262
006060,화승인더,KOSPI,일반,상품 종합 도매업,"포장용 합성수지 제조/신발,필름 판매/부동산 임대",2315.0,128065000000.0,0.34251,4.31,7.945048380129589,6758.926746664331,8.898
032680,소프트센,KOSDAQ,일반,기타 정보 서비스업,전산기기 및 정보통신공사,905.0,20865000000.0,0.34267,,-0.41650497237569056,2641.024892753962,
003650,미창석유,KOSPI,일반,석유 정제품 제조업,"윤활유,고무배합유,전기절연유 제조,판매,수출입",128200.0,223025000000.0,0.34267,1.81,18.917148135725427,374120.8743105612,2.73
003620,KG모빌리티,KOSPI,일반,자동차용 엔진 및 자동차 제조업,"자동차,자동차부품,차륜,정비 제조/도소매",2575.0,521115000000.0,0.34278,5.57,6.150072233009708,7512.106890717078,27745.6
064520,테크엘,KOSDAQ,일반,반도체 제조업,"메모리 카드, 스마트 카드 등",1450.0,32409000000.0,0.34406,,-2.0643599999999998,4214.381212579202,36113.9
183190,아세아시멘트,KOSPI,일반,"시멘트, 석회, 플라스터 및 그 제품 제조업","시멘트, 레미콘, 몰탈",10800.0,388565000000.0,0.34455,33.86,1.017698611111111,31345.232912494557,2.315
010400,우진아이엔에스,KOSPI,건설/인프라 피어,건물설비 설치 공사업,반도체/디스플레이 코팅덕트,4100.0,31250000000.0,0.34486,7.4,4.659815609756097,11888.882445050165,3.659
000490,대동,KOSPI,일반,특수 목적용 기계 제조업,"경운기,트랙터,이앙기,바인더,수확기(콤바인),농업용엔진 및 부품 제조,판매",7810.0,225137000000.0,0.34494,,-2.8796527528809217,22641.618832260683,1.28
045300,성우테크론,KOSDAQ,일반,전자부품 제조업,"리드프레임,반도체검사장비",2665.0,28107000000.0,0.345,3.93,8.777110694183863,7724.637681159421,0.736
178600,대동고려삼,KONEX,일반,기타 식품 제조업,"인삼식품(홍삼진액, 홍삼정)",1699.0,7559000000.0,0.34502,,,4924.352211466002,0.0
101140,인바이오젠,KOSPI,일반,기계장비 및 관련 물품 도매업,"신발,의류,스포츠용품 도매,제조",4790.0,48111000000.0,0.34506,,-14.861352400835074,13881.643772097606,
035890,서희건설,KOSDAQ,건설/인프라 피어,건물 건설업,"토목, 건축, 부동산임대업",2355.0,488871000000.0,0.3451,2.22,15.56247133757962,6824.108953926398,4.246
093050,LF,KOSPI,일반,봉제의복 제조업,"기성복, 의류, 잡화, 제조",22200.0,649128000000.0,0.34536,5.72,6.036021621621622,64280.750521195274,3.153
239610,에이치엘사이언스,KOSDAQ,일반,기타 식품 제조업,건강기능식품 등,5290.0,28524000000.0,0.34564,,-13.511975803402645,15304.941557690083,7.561
056360,코위버,KOSDAQ,일반,통신 및 방송 장비 제조업,"가입가계 가입자계 광단국장치,SONs-51,OMS-155M,OCSU,E2 가입자 전송장비,SDS-2500 등",6180.0,60544000000.0,0.34606,21.53,1.6071071197411004,17858.174882968273,0.809
160550,NEW,KOSDAQ,일반,"영화, 비디오물, 방송프로그램 제작 및 배급업",영화 투자 및 배급,1112.0,31031000000.0,0.34609,,-1.1204352517985612,3213.0370712820363,
054940,엑사이엔씨,KOSDAQ,일반,실내건축 및 건축마무리 공사업,실내건축 공사업,3845.0,25510000000.0,0.34638,5.97,5.801527178153446,11100.525434493908,7.802
011280,태림포장,KOSPI,일반,"골판지, 종이 상자 및 종이용기 제조업","골판지,골판지상자,수출용박스 제조,도매/인쇄",1515.0,107270000000.0,0.34699,,-2.4506884488448843,4366.120061096862,3.3
032830,삼성생명,KOSPI,일반,보험업,"생명보험,부동산 임대",286500.0,57300000000000.0,0.34777,20.45,1.7007348935427573,823820.341029991,1.85
003920,남양유업,KOSPI,일반,동·식물성 유지 및 낙농제품 제조업,"시유,조제분유,발효유,이유밀,치즈,프렌치까페 제조,도매",42850.0,243107000000.0,0.34782,26.68,1.3036147491248544,123195.90592835374,3.333
111710,남화산업,KOSDAQ,일반,스포츠 서비스업,골프장 서비스,3225.0,66396000000.0,0.34839,10.02,3.478498604651163,9256.867303883579,6.202
044450,KSS해운,KOSPI,일반,해상 운송업,"특수화물해상운송(액화가스,LPG,암모니아,VCM,석유화학제품 등), 선박대여",10040.0,226678000000.0,0.34855,2.08,16.754006972111554,28805.04949074738,4.482
007370,진양제약,KOSDAQ,일반,의약품 제조업,"소부날, 옥티란",3955.0,55902000000.0,0.34866,2.39,14.60757572692794,11343.429128664027,3.793
029480,광무,KOSDAQ,일반,통신 및 방송 장비 제조업,"네트워크 통합사업,네트워크 장비, 光 전송장비, S/W 제조, 네트워크관리",1405.0,83905000000.0,0.34871,2.75,12.657800711743771,4029.135958246107,106.762
145270,케이탑리츠,KOSPI,일반,부동산 임대 및 공급업,부동산 임대,785.0,37727000000.0,0.34903,4.76,7.336299363057326,2249.0903360742627,6.369
233250,메디안디노스틱,KONEX,일반,의료용품 및 기타 의약 관련제품 제조업,동물질병 체외진단키트 및 진단용 시약,4800.0,8383000000.0,0.34915,,,13747.672919948445,
006660,삼성공조,KOSPI,일반,자동차 신품 부품 제조업,"자동차부품(라디에터,오일쿨러) 제조,판매",13120.0,106617000000.0,0.35015,9.29,3.771051448170732,37469.65586177352,0.61
008470,부스타,KOSDAQ,일반,"구조용 금속제품, 탱크 및 증기발생기 제조업","관류보일러,진공온수보일러,무압온수보일러,난방기 제조,판매",1680.0,28240000000.0,0.35023,,-0.45863452380952385,4796.847785740799,2.381
066620,국보디자인,KOSDAQ,일반,실내건축 및 건축마무리 공사업,인테리어디자인,25700.0,192750000000.0,0.35029,1.74,20.104192607003892,73367.78098147249,1.946
199730,바이오인프라,KOSDAQ,일반,자연과학 및 공학 연구개발업,"생동성시험, 검체 분석",802.0,3901000000.0,0.35101,,-74.57868329177056,2284.8351898806304,37.406
044780,에이치케이,KOSDAQ,일반,특수 목적용 기계 제조업,레이저가공 절단기,1366.0,25278000000.0,0.35149,1.85,18.963991947291362,3886.3125551224784,2.196
014160,대영포장,KOSPI,일반,"골판지, 종이 상자 및 종이용기 제조업","골판지원단,골판지상자 제조",655.0,70998000000.0,0.35171,,-0.10739236641221374,1862.329760313895,441.414
053210,스카이라이프,KOSPI,일반,텔레비전 방송업,위성방송서비스,3995.0,189854000000.0,0.35197,79.9,0.4405131414267835,11350.399181748444,8.761
019770,서연탑메탈,KOSDAQ,건설/인프라 피어,특수 목적용 기계 제조업,자동차금형.건설중장비 부품,3200.0,37280000000.0,0.35219,3.48,10.114456562500001,9086.004713364944,2.031
042110,에스씨디,KOSDAQ,일반,가정용 기기 제조업,전자렌지용 MOTOR 및 냉장고용 TIMER,1011.0,48861000000.0,0.3523,22.47,1.5681008902077151,2869.7133125177406,4.946
084680,이월드,KOSPI,일반,귀금속 및 장신용품 제조업,"놀이시설 운영,입장료,식음료 소매,부동산 임대",532.0,75440000000.0,0.35346,,-6.710424812030075,1505.1208057488825,
071320,지역난방공사,KOSPI,일반,"증기, 냉·온수 및 공기조절 공급업","집단에너지공급 및 전기,증기 생산,판매",74900.0,867247000000.0,0.35356,2.45,14.419017036048064,211845.2313610137,8.22
010770,평화홀딩스,KOSPI,일반,자동차 신품 부품 제조업,지주회사,3480.0,50896000000.0,0.35376,1.11,31.889227586206896,9837.177747625508,4.31
002200,한국수출포장,KOSPI,일반,"골판지, 종이 상자 및 종이용기 제조업","골판지상자,골판지원지 제조,판매",2845.0,95307000000.0,0.35437,,-3.0267806678383127,8028.331969410503,2.812
148930,에이치와이티씨,KOSDAQ,일반,기타 금속 가공제품 제조업,2차전지 장비 초정밀 부품,3165.0,32204000000.0,0.35468,1.26,28.16147993680885,8923.536709146272,0.474
051490,나라엠앤디,KOSDAQ,일반,특수 목적용 기계 제조업,"금형,사출 및 판금부품",2640.0,37488000000.0,0.35493,146.67,0.24199772727272728,7438.086383230496,3.409
224810,엄지하우스,KONEX,일반,실내건축 및 건축마무리 공사업,"실내건축업, 분양공사 및 디자인 설계",1255.0,5271000000.0,0.355,,,3535.211267605634,2.39
092220,KEC,KOSPI,일반,반도체 제조업,반도체 제조,2875.0,115438000000.0,0.35522,,-8.74767860869565,8093.575812172739,3.478
289010,아이스크림에듀,KOSDAQ,일반,"서적, 잡지 및 기타 인쇄물 출판업",아이스크림홈런,1164.0,16232000000.0,0.35554,6.47,5.498041237113402,3273.893232828936,4.296
052330,코텍,KOSDAQ,일반,영상 및 음향기기 제조업,산업용 모니터,10790.0,191647000000.0,0.35579,3.89,9.143704077849861,30326.8782146772,2.78
000020,동화약품,KOSPI,일반,의약품 제조업,"의약품 제조,판매,수출입",5050.0,141053000000.0,0.35589,7.81,4.559620396039604,14189.777740313019,1.287
308170,씨티알모빌리티,KOSPI,일반,자동차 신품 부품 제조업,"이너레이스, 오디 클러치보스, 로터샤프트, 슬리브기어, 컨트롤 암, 엑슬",3465.0,29833000000.0,0.35592,,-5.084571428571429,9735.333782872554,14.43
030960,양지사,KOSDAQ,일반,인쇄 및 인쇄관련 산업,다이어리,4770.0,76224000000.0,0.35602,,-0.8284742138364779,13398.12370091568,1.048
050110,캠시스,KOSDAQ,일반,전자부품 제조업,휴대폰용 카메라모듈,1079.0,31533000000.0,0.35672,,-3.3060240963855416,3024.781341107872,13.902
217270,넵튠,KOSDAQ,일반,소프트웨어 개발 및 공급업,모바일게임,2430.0,110940000000.0,0.35716,,-17.372967901234567,6803.673423675664,
048470,대동스틸,KOSDAQ,일반,기타 전문 도매업,"열연박판, 후판, 무늬강판 외",2780.0,26827000000.0,0.35765,8.88,4.026778776978417,7772.96239340137,1.079
009070,KCTC,KOSPI,일반,도로 화물 운송업,"화물자동차운송,항만하역,창고보관,컨테이너조작,중량물해상운송",4065.0,121950000000.0,0.35802,4.28,8.367011070110703,11354.114295290765,1.845
007690,국도화학,KOSPI,일반,기초 화학물질 제조업,"에폭시수지,폴리아마이드수지,아염소산소다 제조,도소매",37700.0,349133000000.0,0.35806,6.61,5.416488541114059,105289.61626543038,3.448
037350,성도이엔지,KOSDAQ,건설/인프라 피어,"건축기술, 엔지니어링 및 관련 기술 서비스업","반도체크린룸 시공, 반도체장비제조",7380.0,112249000000.0,0.35843,5.19,6.911190921409214,20589.79438105069,3.388
052960,태양3C,KONEX,일반,자동차 부품 및 내장품 판매업,"와이어링 하네스 커넥터, 초음파 프로브 케이블",3320.0,16225000000.0,0.3587,,,9255.645386116532,0.753
060540,에스에이티,KOSDAQ,일반,"측정, 시험, 항해, 제어 및 기타 정밀기기 제조업; 광학기기 제외","교통관련장비(고정식축중기, 이동식축중기 등)",1458.0,38101000000.0,0.35901,4.43,8.101117283950616,4061.1682125846078,3.429
123570,이엠넷,KOSDAQ,일반,광고업,온라인 검색광고 대행,1655.0,36866000000.0,0.35916,17.8,2.0182404833836856,4607.974161933401,3.625
306200,세아제강,KOSPI,일반,1차 철강 제조업,강관,148400.0,420906000000.0,0.35916,7.52,4.77871576819407,413186.3236440584,3.706
002310,아세아제지,KOSPI,일반,"골판지, 종이 상자 및 종이용기 제조업","골판지원지,석고보드원지,크라프트원지,라이나원지,라이너지 제조,판매",8350.0,329403000000.0,0.3603,12.52,2.8780850299401197,23175.13183458229,2.994
108670,LX하우시스,KOSPI,일반,플라스틱제품 제조업,"창호재, 자동차부품 등",33200.0,297726000000.0,0.36046,9.17,3.929231144578313,92104.5330965988,3.012
016920,카스,KOSDAQ,일반,기계장비 및 관련 물품 도매업,"전자저울,로드셀",1063.0,27317000000.0,0.36199,,-0.30648259642521164,2936.5452084311723,0.941
058850,KTcs,KOSPI,일반,기타 정보 서비스업,전화번호검색 데이타제공/콜센터 운영,2125.0,87984000000.0,0.36232,3.75,9.650499764705883,5864.981232060058,4.706
393890,더블유씨피,KOSDAQ,일반,일차전지 및 이차전지 제조업,이차전지용 분리막,10320.0,349261000000.0,0.36363,,-15.44018081395349,28380.496658691525,
080420,모다이노칩,KOSDAQ,일반,"섬유, 의복, 신발 및 가죽제품 소매업","ESD필터,칩바리스터",1650.0,131540000000.0,0.36379,,-3.549708484848485,4535.5837158800405,3.03
005870,휴니드,KOSPI,일반,통신 및 방송 장비 제조업,"무선통신기기,군납용무전기,위성방송수신기 제조",4500.0,63522000000.0,0.36429,,-3.060036,12352.795849460594,242.019
079000,와토스코리아,KOSDAQ,일반,플라스틱제품 제조업,위생도기용부속(양변기용),3895.0,28044000000.0,0.36478,,-4.130115019255456,10677.668731838368,10.347
033310,엠투엔,KOSDAQ,일반,전자부품 제조업,산업용자동제어반기기,1460.0,58359000000.0,0.3664,20.28,1.806904109589041,3984.71615720524,2.616
347770,핌스,KOSDAQ,일반,전자부품 제조업,OLED Metal Mask,876.0,19849000000.0,0.3668,,-14.90648401826484,2388.2224645583424,
004560,현대비앤지스틸,KOSPI,일반,1차 철강 제조업,"스텐레스냉연강판,특수강 제조",12710.0,191651000000.0,0.36746,9.98,3.68327332808812,34588.79878081968,1.967
210540,디와이파워,KOSPI,일반,특수 목적용 기계 제조업,유공압기기 등,11190.0,123556000000.0,0.36819,3.86,9.535430026809651,30391.917216654445,4.468
195990,루트K,KOSDAQ,일반,특수 목적용 기계 제조업,소형 머시닝센터,1172.0,19089000000.0,0.36895,,-10.797768771331057,3176.582192709039,79.636
090350,노루페인트,KOSPI,일반,기타 화학제품 제조업,페인트 제조,7810.0,156200000000.0,0.36896,4.88,7.568167989756722,21167.606244579358,5.122
068790,DMS,KOSDAQ,일반,특수 목적용 기계 제조업,LCD 제조장비,7300.0,161944000000.0,0.36941,1.21,30.453553150684932,19761.2408976476,3.425
060560,HC홈센타,KOSDAQ,일반,기타 전문 도매업,"건축자재,레미콘",1956.0,49658000000.0,0.36985,,-24.618849693251537,5288.630525888873,2.556
085310,엔케이,KOSPI,건설/인프라 피어,"구조용 금속제품, 탱크 및 증기발생기 제조업","고압가스용기,선박용,육상용 소화설비장치,천연가스이동식충전소 제조,도매",8850.0,65649000000.0,0.37016,14.46,2.5597505084745764,23908.58007348174,1.13
225220,제놀루션,KOSDAQ,일반,기초 의약물질 제조업,"핵산추출기기 및 시약, RNAi 사업 등",1416.0,27173000000.0,0.3702,,-6.35300847457627,3824.9594813614267,14.476
003680,한성기업,KOSPI,일반,수산물 가공 및 저장 처리업,"냉동식품,햄제품 제조,도매,보관/원양어업",4740.0,29433000000.0,0.37036,8.36,4.430255696202532,12798.358354033911,3.165
350520,이지스레지던스리츠,KOSPI,일반,부동산 임대 및 공급업,"부동산투자, 취득, 매매, 임대",3375.0,124423000000.0,0.37061,6.33,5.8528927407407405,9106.608024608078,8.889
016450,한세예스24홀딩스,KOSPI,일반,봉제의복 제조업,"의류(니트) 제조,도소매,원단 제조,부동산 임대",4310.0,172400000000.0,0.37115,,-0.5425162412993039,11612.555570524048,11.601
030720,동원수산,KOSPI,일반,어로 어업,"원양어업/수산물 제조,가공/참치어류 냉동냉장업",5100.0,23734000000.0,0.37117,2.23,16.637149411764707,13740.334617560686,4.902
143210,핸즈코퍼레이션,KOSPI,일반,자동차 신품 부품 제조업,자동차 알루미늄 휠,1199.0,33571000000.0,0.37127,,-167.39663219349455,3229.455652220756,10.842
010040,한국내화,KOSPI,일반,"내화, 비내화 요업제품 제조업","내화벽돌,내화몰탈,축로등 제조,판매",1582.0,64968000000.0,0.37154,8.33,4.462237673830593,4257.953383215805,6.321
009300,삼아제약,KOSDAQ,일반,의약품 제조업,"노마에프, 아토크건조시럽, 코데날정, 코코시럽, 스마엘",13980.0,89052000000.0,0.37208,8.45,4.404809728183119,37572.56503977639,6.08
069730,DSR제강,KOSPI,일반,1차 철강 제조업,"와이어로프,각종 경강선,철선제품,PC강선,아연도 강연선 제조",5330.0,76752000000.0,0.37258,2.29,16.266297560975612,14305.652477320305,8.068
012340,뉴인텍,KOSDAQ,일반,자동차 신품 부품 제조업,친환경 차량용 커패시터,450.0,9920000000.0,0.37263,,-56.22572666666667,1207.6322357298125,34.405
131180,딜리,KOSDAQ,일반,컴퓨터 및 주변장치 제조업,디지털 UV 프린터,4280.0,25123000000.0,0.37296,6.66,5.603114018691588,11475.761475761476,10.514
017480,삼현철강,KOSDAQ,일반,1차 철강 제조업,"후판,열연후판,산세판박,무늬강판,용단철강,형강외",4900.0,75670000000.0,0.37296,7.24,5.1529371428571435,13138.138138138138,6.122
006050,국영지앤엠,KOSDAQ,일반,유리 및 유리제품 제조업,강화유리,5570.0,19436000000.0,0.37303,,-0.5692558348294434,14931.774924268826,1.795
007330,푸른저축은행,KOSDAQ,일반,은행 및 저축기관,대출이자,10090.0,152185000000.0,0.37323,10.72,3.48076739345887,27034.268413578757,7.631
037230,한국팩키지,KOSDAQ,일반,"골판지, 종이 상자 및 종이용기 제조업","카톤팩, 골판지 상자",1399.0,41690000000.0,0.37344,12.72,2.9362687634024303,3746.2510711225364,3.574
024090,디씨엠,KOSPI,일반,1차 철강 제조업,"PCM(칼라강판),라미네이트강판,산업용필름 제조,판매",11570.0,131898000000.0,0.37395,11.82,3.1641923076923075,30939.965235994117,7.087
002620,제일파마홀딩스,KOSPI,일반,회사 본부 및 경영 컨설팅 서비스업,"의약품(타리비드,제일파프,노엘,푸라솔) 제조,도매",7640.0,122036000000.0,0.3749,14.47,2.590931937172775,20378.767671379035,0.916
206400,베노티앤알,KOSDAQ,일반,실내건축 및 건축마무리 공사업,"웹게임, 모바일게임",642.0,24081000000.0,0.37531,,-22.97458411214953,1710.5859156430686,
016800,퍼시스,KOSPI,일반,가구 제조업,"사무용 가구,의자,책상,캐비넷 제조",26000.0,299000000000.0,0.37558,4.96,7.567937000000001,69226.26337930666,3.846
121060,유니포인트,KONEX,일반,"컴퓨터 프로그래밍, 시스템 통합 및 관리업","소프트웨어 개발, 도소매컴퓨터시스템 설계, 자문",764.0,3968000000.0,0.37681,,,2027.5470396220908,3.927
102950,아하,KONEX,일반,전자부품 제조업,"전자칠판, 전자교탁 등",1891.0,24813000000.0,0.37692,,,5016.979730446779,
001750,한양증권,KOSPI,일반,금융 지원 서비스업,증권업,19220.0,290404000000.0,0.37712,4.23,8.91196170655567,50965.21001272804,8.325
092300,현우산업,KOSDAQ,일반,전자부품 제조업,인쇄회로판(PCB),2450.0,49367000000.0,0.37713,3.03,12.452986530612247,6496.433590539071,2.857
075970,동국알앤에스,KOSDAQ,일반,기타 비금속 광물제품 제조업,내화물,1626.0,29918000000.0,0.37737,41.69,0.905130996309963,4308.768582558232,4.92
405920,나라셀라,KOSDAQ,일반,음·식료품 및 담배 도매업,와인 도소매,1893.0,24378000000.0,0.37738,,-1.5948441627047016,5016.164078647517,4.226
081150,티플랙스,KOSDAQ,일반,1차 비철금속 제조업,"스텐레스봉,판(열간제품) 제조,도매",2600.0,63097000000.0,0.37751,18.98,1.9891873076923077,6887.234775237742,1.923
180060,탑선,KONEX,일반,기타 전기장비 제조업,태양광 모듈,4600.0,42999000000.0,0.37763,,,12181.23560098509,2.174
267980,매일유업,KOSDAQ,일반,동·식물성 유지 및 낙농제품 제조업,"유제품(우유, 분유, 발효유, 치즈, 음료 등)",33850.0,259414000000.0,0.37783,3.92,9.63382785819793,89590.55659952889,3.84
090370,메타랩스,KOSPI,일반,봉제의복 제조업,"여성용 의류(캐쥬얼티셔츠,바지) 제조",1169.0,31919000000.0,0.37805,,-7.632147134302823,3092.1835736013754,51.605
102260,동성케미컬,KOSPI,일반,합성고무 및 플라스틱 물질 제조업,nan,3695.0,187224000000.0,0.37811,4.44,8.524103653585927,9772.28848747719,4.02
001250,GS글로벌,KOSPI,일반,상품 종합 도매업,"수출입업(시멘트,철강금속,전기전자,섬유,기계화학),상품중개,광업,채석업/하수처리 서비스/부동산 임대",2560.0,211286000000.0,0.37834,13.99,2.70453984375,6766.400592060052,0.977
272550,삼양패키징,KOSPI,일반,플라스틱제품 제조업,PET 용기 및 아셉틱 OEM,9540.0,143752000000.0,0.37838,7.06,5.36236645702306,25212.749088218196,5.241
097950,CJ제일제당,KOSPI,일반,기타 식품 제조업,"설탕,소맥분,조미식품,육가공식품(돈육,돼지비계,돼지식용설육),대두가공식품,사료,의약품,생활화학제품 제조,도매,무역/통신판매",176400.0,2655558000000.0,0.37849,,-8.898591706349206,466062.51155909005,3.401
036560,KZ정밀,KOSDAQ,일반,일반 목적용 기계 제조업,"펌프, 밸브, 주물",12200.0,192150000000.0,0.37857,10.7,3.53745737704918,32226.53670391209,6.557
241590,화승엔터프라이즈,KOSPI,일반,신발 및 신발 부분품 제조업,nan,2780.0,168438000000.0,0.37879,,-6.894523021582734,7339.158900710156,1.799
248170,샘표식품,KOSPI,일반,기타 식품 제조업,간장,22600.0,103243000000.0,0.37937,4.04,9.380175044247787,59572.449060284154,0.885
095570,AJ네트웍스,KOSPI,건설/인프라 피어,산업용 기계 및 장비 임대업,"렌탈(파렛트, OA장비, 건설장비)",4120.0,186441000000.0,0.37976,3.39,11.199233009708738,10848.957236149146,8.01
041930,SY동아,KOSDAQ,일반,고무제품 제조업,자동차용 고무부품,5010.0,76152000000.0,0.38029,4.59,8.288955688622755,13174.156564726918,5.988
311390,네오크레마,KOSDAQ,일반,기타 식품 제조업,기능성 식품 원료,2335.0,29546000000.0,0.38055,12.69,2.9987665952890796,6135.855997897779,2.141
024940,PN풍년,KOSDAQ,일반,생활용품 도매업,압력솥,2090.0,20900000000.0,0.38075,10.2,3.7346291866028705,5489.166119500986,1.675
020710,시공테크,KOSDAQ,일반,전문디자인업,"박물관, 전시관, 엑스포, 특수영상",3770.0,75580000000.0,0.38135,2.63,14.475115384615385,9885.931558935361,8.992
005440,현대지에프홀딩스,KOSPI,일반,기타 금융업,"백화점,여행알선,숙박,음식점/부동산 임대",12820.0,2351152000000.0,0.38143,5.68,6.721141731669265,33610.36100988386,2.34
051390,YW,KOSDAQ,일반,상품 종합 도매업,도소매,4000.0,45421000000.0,0.38183,9.35,4.085581,10475.86622318833,5.75
009160,SIMPAC,KOSPI,일반,1차 철강 제조업,"프레스, 합금철",4695.0,306916000000.0,0.38203,13.23,2.888618743343983,12289.6107635526,6.39
038870,에코심플렉스,KOSDAQ,일반,사업시설 유지·관리 서비스업,"판매시점정보시스템(POS), 금전등록기",1993.0,27931000000.0,0.38217,,-0.5560928248871049,5214.956694664678,
007590,동방아그로,KOSPI,일반,"비료, 농약 및 살균, 살충제 제조업","농약(잡초발생전 토양처리형 밭잡초약,부메랑,주움,그라목손) 제조,도매",5580.0,75986000000.0,0.38255,8.32,4.6001980286738355,14586.328584498759,5.735
036090,위지트,KOSDAQ,일반,특수 목적용 기계 제조업,LCD 반도체,1355.0,57655000000.0,0.38355,14.57,2.6324833948339483,3532.785816712293,
016740,두올,KOSPI,일반,자동차 신품 부품 제조업,시트 커버 및 시트 원단,3995.0,114552000000.0,0.38441,5.53,6.956906883604505,10392.549621497881,3.004
014190,원익큐브,KOSDAQ,일반,기타 전문 도매업,"MMA,BAM,PC,PP,목재,실란트,디지털인쇄기",1309.0,46332000000.0,0.38494,7.08,5.440328495034377,3400.5299527199045,0.713
053450,세코닉스,KOSDAQ,일반,사진장비 및 광학기기 제조업,"모바일용 카메라렌즈, 차량용 카메라 및 광학부품",2985.0,44156000000.0,0.38559,,-30.64051859296482,7741.383334630048,1.675
187270,신화콘텍,KOSDAQ,일반,"전동기, 발전기 및 전기 변환 · 공급 · 제어 장치 제조업","커넥터(정보통신기기용, 디스플레이용, HDD용 등)",3020.0,30634000000.0,0.38562,10.38,3.7157423841059605,7831.544007053576,1.656
136490,선진,KOSPI,일반,동물용 사료 및 조제식품 제조업,조제동물사료,10160.0,241600000000.0,0.38571,2.83,13.647907972440946,26341.03341888984,1.969
039560,다산네트웍스,KOSDAQ,일반,통신 및 방송 장비 제조업,네트워크 통신장비,2625.0,112582000000.0,0.38578,,-6.833817142857143,6804.396288039815,0.762
005680,삼영전자,KOSPI,일반,전자부품 제조업,"전자부품(알루미늄 전해콘덴서),전기이중층콘덴서,센서 제조,도매",12750.0,255000000000.0,0.38588,59.58,0.6476730980392156,33041.36000829274,2.353
025900,동화기업,KOSDAQ,일반,나무제품 제조업,"PB, MDF, 표면재,온돌마루, 창호, 도어 등",6920.0,349856000000.0,0.3867,,-4.464932080924855,17895.009050943885,0.867
093380,풍강,KOSDAQ,일반,기타 금속 가공제품 제조업,자동차용너트류,3115.0,30774000000.0,0.38709,5.72,6.772521669341894,8047.22415975613,2.568
092590,럭스피아,KONEX,일반,반도체 제조업,"LED 패키지, LED 모듈",527.0,3842000000.0,0.38721,,,1361.0185687353116,6.641
090150,아이윈,KOSDAQ,일반,자동차 신품 부품 제조업,시트히터,6000.0,25125000000.0,0.38734,1.03,37.507423333333335,15490.266948933753,5.833
030210,다올투자증권,KOSPI,일반,금융 지원 서비스업,"금융업, 서비스, 부동산",3775.0,229939000000.0,0.38796,7.03,5.518795231788079,9730.384575729457,6.358
053290,NE능률,KOSDAQ,일반,"서적, 잡지 및 기타 인쇄물 출판업",영어학습교재,1609.0,26590000000.0,0.38858,,-11.809547545059043,4140.717484173143,3.729
900140,엘브이엠씨홀딩스,KOSPI,일반,자동차 판매업,지주회사,1112.0,214883000000.0,0.38875,10.02,3.88050809352518,2860.4501607717043,5.754
048830,엔피케이,KOSDAQ,일반,합성고무 및 플라스틱 물질 제조업,합성고무 및 플라스틱물질 제조업,1008.0,18873000000.0,0.38902,18.33,2.122628968253968,2591.1264202354637,2.976
023810,인팩,KOSPI,일반,자동차 신품 부품 제조업,"자동차용 케이블,전자정보통신관련기기 제조,도매",5150.0,51500000000.0,0.38929,9.2,4.233056310679611,13229.212155462508,3.495
004700,조광피혁,KOSPI,일반,"가죽, 가방 및 유사제품 제조업","가죽(피혁원단,제화용원단,카시트용원단),가방,신발 제조,도매",66800.0,444162000000.0,0.39062,44.53,0.8771407185628741,171010.1889304183,0.449
078590,휴림에이텍,KOSDAQ,일반,자동차 신품 부품 제조업,자동차내장카페트,2970.0,29665000000.0,0.39063,,-25.660576767676762,7603.102680285693,26.936
177350,베셀,KOSDAQ,일반,플라스틱제품 제조업,디스플레이 제조장비,1531.0,15181000000.0,0.39099,15.31,2.5538210320052253,3915.701168827847,16.901
396690,미래에셋글로벌리츠,KOSPI,일반,부동산 임대 및 공급업,부동산 임대업,1416.0,56082000000.0,0.39108,,-11.848398305084745,3620.7425590671987,18.715
153490,우리이앤엘하루틴,KOSDAQ,일반,반도체 제조업,LED 패키지,3160.0,32535000000.0,0.39137,,-9.53654746835443,8074.2008840738945,3.165
475430,키스트론,KOSDAQ,일반,절연선 및 케이블 제조업,"전자부품용 와이어, 케이블용 와이어 등",4400.0,78531000000.0,0.39157,5.66,6.923669545454544,11236.815894986848,1.136
025550,한국선재,KOSDAQ,일반,1차 철강 제조업,철강선재류,2260.0,57661000000.0,0.39164,,-0.9011185840707965,5770.605658257584,4.425
004590,한국가구,KOSDAQ,일반,기타 상품 전문 소매업,소파,5350.0,80250000000.0,0.39181,5.75,6.818226355140188,13654.577473775555,3.832
000970,한국주철관,KOSPI,일반,1차 철강 제조업,"수도용주철관,강관 제조",6590.0,150255000000.0,0.39193,8.81,4.448613657056145,16814.22703033705,6.07
011210,현대위아,KOSPI,일반,자동차 신품 부품 제조업,"자동차부품, 공작기계 등",54500.0,1482132000000.0,0.39225,20.9,1.8770422018348627,138942.00127469725,2.202
015760,한국전력,KOSPI,일반,전기업,"전력자원개발,발전,송전,전력용기자재확보",30900.0,19836689000000.0,0.39271,2.53,15.521576796116507,78684.01619515673,4.99
015710,코콤,KOSDAQ,일반,통신 및 방송 장비 제조업,비디오도어폰,2945.0,51627000000.0,0.39277,15.1,2.6006842105263157,7498.02683504341,5.093
054050,NH농우바이오,KOSDAQ,일반,작물 재배업,"고추, 수박, 참외(메론), 오이, 호박, 무, 배추 등",7050.0,113015000000.0,0.39342,8.71,4.514564255319149,17919.780387372273,3.546
376290,씨유테크,KOSDAQ,일반,전자부품 제조업,"휴대폰, 전장 등 실장부품",2770.0,48911000000.0,0.39358,4.53,8.695702527075811,7037.959245896642,0.866
043100,알파AI,KOSDAQ,일반,의료용 기기 제조업,"가정용 온열치료기, 의료기구",520.0,10457000000.0,0.3942,,-31.83923076923077,1319.1273465246068,91.842
014130,한익스프레스,KOSPI,일반,도로 화물 운송업,"특수화물 운송(유류,화학류,벌크제품 등),냉동차,탱크로리운송,복합운송 주선,임대,택배/특장차,중기 제조,판매",2620.0,30962000000.0,0.39605,,-14.602454198473284,6615.326347683373,3.817
053980,오상자이엘,KOSDAQ,일반,소프트웨어 개발 및 공급업,CATIA Solution,2395.0,45463000000.0,0.39659,3.95,10.034803340292274,6038.982324314784,6.263
000890,보해양조,KOSPI,일반,알코올음료 제조업,"주류(소주,매취,실비우스,위스키) 제조,음료 도매",1344.0,37126000000.0,0.39683,10.42,3.8088593750000004,3386.840712647733,8.984
013520,화승코퍼레이션,KOSPI,일반,자동차 신품 부품 제조업,"산업용 고무제품(호스시트,벨트,펜더 등) 제조, 판매",2545.0,127380000000.0,0.39737,1.72,23.1239673870334,6404.610312806704,2.947
109860,동일금속,KOSDAQ,일반,금속 주조업,"크롤러크레인용 트랙슈 어셈블리, 굴삭기용 아이들러 트랙슈 스프링 등",7470.0,67977000000.0,0.39774,15.73,2.5291365461847386,18781.113290089004,4.284
004870,티웨이홀딩스,KOSPI,일반,"시멘트, 석회, 플라스터 및 그 제품 제조업","레미콘,콘크리트파일,완구 제조/미니어쳐테마파크 운영",1063.0,24058000000.0,0.39781,,-98.64789840075258,2672.1299112641714,
002870,신풍,KOSPI,일반,기타 전문 도매업,"마닐라판지 제조,도소매",1275.0,44572000000.0,0.39784,5.14,7.738378039215686,3204.8059521415644,1.569
000230,일동홀딩스,KOSPI,일반,의약품 제조업,"의약품 제조,도매",6010.0,69357000000.0,0.3989,3.2,12.458158069883527,15066.432689897218,1.664
078020,LS증권,KOSDAQ,일반,금융 지원 서비스업,유가증권위탁매매,6560.0,363956000000.0,0.39959,7.02,5.695375762195122,16416.827247929126,7.622
115480,씨유메디칼,KOSDAQ,일반,의료용 기기 제조업,심장제세동기,2285.0,27705000000.0,0.39989,2.85,14.01802582056893,5714.071369626647,2.418
088390,이녹스,KOSDAQ,일반,그외 기타 운송장비 제조업,지주업,8060.0,75649000000.0,0.40019,2.69,14.900374565756824,20140.433294185263,
078340,컴투스,KOSDAQ GLOBAL,일반,소프트웨어 개발 및 공급업,모바일게임,33350.0,403245000000.0,0.40113,33.62,1.1931662968515742,83140.12913519308,3.898
282620,기도산업,KOSDAQ,일반,봉제의복 제조업,하이테크 아웃도어 및 모터사이클 전문복 제조,12730.0,74606000000.0,0.40216,1.78,22.53738758837392,31654.06803262383,15.711
204020,그리티,KOSDAQ,일반,봉제의복 제조업,"내의(원더브라, 플레이텍스, 미싱도로시, 르페)",1785.0,34719000000.0,0.40228,6.76,5.949687394957984,4437.207914885154,6.443
170030,현대공업,KOSDAQ,일반,자동차 신품 부품 제조업,"시트패드, 암레스트, 헤드레스트",4780.0,73325000000.0,0.40261,3.18,12.667896234309625,11872.531730458755,6.276
121440,골프존홀딩스,KOSDAQ,일반,상품 중개업,골프시뮬레이터,7730.0,331128000000.0,0.40393,21.18,1.9073020698576975,19136.979179560814,3.234
011390,부산산업,KOSPI,일반,"시멘트, 석회, 플라스터 및 그 제품 제조업","레미콘 제조,판매",49450.0,52219000000.0,0.40439,,-1.5619512639029323,122282.9446821138,0.506
038880,아이에이,KOSDAQ,일반,전자부품 제조업,"반도체 및 모듈, 제어기",3275.0,24609000000.0,0.40462,,-39.95545282442748,8094.014136720874,12.918
104700,한국철강,KOSPI,일반,1차 철강 제조업,철근,9400.0,342630000000.0,0.40477,,-1.8300771276595746,23223.064950465694,7.979
100030,인지소프트,KOSDAQ,일반,소프트웨어 개발 및 공급업,"금융솔루션,동기화솔루션",20050.0,65838000000.0,0.40563,0.93,43.78578598503741,49429.28284397111,5.616
285130,SK케미칼,KOSPI,일반,합성고무 및 플라스틱 물질 제조업,"PETG 수지, PET 수지, 바이오디젤, 백신",51200.0,885696000000.0,0.40574,135.09,0.3003426953125,126189.1851924878,2.246
452400,이닉스,KOSDAQ,일반,자동차 신품 부품 제조업,2차전지용 배터리셀 패드 등,5560.0,50437000000.0,0.40648,69.5,0.584863309352518,13678.409761857902,3.597
042420,네오위즈홀딩스,KOSDAQ,일반,소프트웨어 개발 및 공급업,지주사업,23300.0,189715000000.0,0.40691,8.96,4.54062660944206,57260.81934580128,2.086
112190,KC산업,KONEX,건설/인프라 피어,토목 건설업,철강보강콘크리트제품,1161.0,41423000000.0,0.4071,,,2851.879145173176,2530.42
002780,진흥기업,KOSPI,건설/인프라 피어,토목 건설업,"아파트건설,토목공사,건축공사,국내도급공사",6930.0,100811000000.0,0.40736,,-5.037626551226551,17011.979575805184,
106080,케이이엠텍,KOSDAQ,일반,전자부품 제조업,"IR필터 및 이차전지 부품(Can, Cap Ass'y)",1650.0,9506000000.0,0.40827,,-55.10407818181818,4041.4431626129763,
000370,한화손해보험,KOSPI,일반,보험업,손해보험,8160.0,952589000000.0,0.40919,3.96,10.345085416666668,19941.83631076028,2.451
106240,파인테크닉스,KOSDAQ,일반,전구 및 조명장치 제조업,LED조명기기,1292.0,34343000000.0,0.40928,,-35.067566563467494,3156.763096168882,1.935
318010,팜스빌,KOSDAQ,일반,기타 식품 제조업,다이어트 제품 및 건강기능 관련 제품,3530.0,27990000000.0,0.40988,9.36,4.377471954674221,8612.276763930906,5.666
033560,블루콤,KOSDAQ,일반,영상 및 음향기기 제조업,블루투스헤드셋,4700.0,80370000000.0,0.41006,10.42,3.934831063829787,11461.7373067356,0.106
058820,CMG제약,KOSDAQ,일반,의약품 제조업,의약품,564.0,83541000000.0,0.41036,18.19,2.255524822695036,1374.4029632517788,
131760,파인텍,KOSDAQ,일반,특수 목적용 기계 제조업,OLED 제조장비,1274.0,11066000000.0,0.41064,,-28.49338775510204,3102.4741866354957,
073570,리튬포어스,KOSDAQ,일반,그외 기타 제품 제조업,"휴대폰액세서리의 제조, 판매",1998.0,24050000000.0,0.41091,,-18.118704204204207,4862.378623056144,100.558
100250,진양홀딩스,KOSPI,일반,플라스틱제품 제조업,"투자,경영컨설팅",3090.0,197451000000.0,0.41108,1.57,26.141495145631065,7516.785054004087,6.234
003120,일성아이에스,KOSPI,일반,의약품 제조업,"의약품(항생제,화학료법제,항바이러스,근이완제,영양액륜) 제조,판매",21900.0,291270000000.0,0.41112,52.52,0.7828175342465753,53269.118505545826,5.479
012280,영화금속,KOSPI,일반,자동차 신품 부품 제조업,"자동차부품,건축자재(관이음쇠) 제조,판매",3640.0,36053000000.0,0.41139,2.83,14.522971153846154,8848.051727071635,4.808
042940,상지건설,KOSDAQ,건설/인프라 피어,건물 건설업,"건설업, 고급빌라 건축 및 일반 건축, 주택공급 등",5750.0,39265000000.0,0.4126,,-16.554229565217394,13936.015511391177,130.435
060150,인선이엔티,KOSDAQ,일반,폐기물 처리업,건축폐기물처리,2830.0,128945000000.0,0.41317,,-1.1387724381625441,6849.480843236441,3.534
005810,풍산홀딩스,KOSPI,일반,기타 금융업,"동판제,대,관,봉,선,소전,동파이프 제조,도매,무역",37700.0,543531000000.0,0.41412,5.23,7.921006153846154,91036.41456582633,4.244
003540,대신증권,KOSPI,일반,금융 지원 서비스업,"유가증권 위탁매매,인수주선,자기매매 기타 금융서비스",26300.0,1253619000000.0,0.41445,5.44,7.62398897338403,63457.59440221981,4.563
046440,KG파이낸셜,KOSDAQ,일반,소프트웨어 개발 및 공급업,유무선전화결제서비스,4070.0,147539000000.0,0.4148,6.68,6.20671253071253,9811.957569913211,6.143
318410,비비씨,KOSDAQ,일반,기타 화학제품 제조업,덴탈 케어용 소재(테이퍼모 등),6420.0,35664000000.0,0.41566,3.55,11.705814330218068,15445.31588317375,6.231
005750,대림바스,KOSPI,일반,"내화, 비내화 요업제품 제조업","위생도기,내장타일,조립식욕실제품 제조,판매/부동산 임대",4400.0,73005000000.0,0.41577,4.51,9.213085227272726,10582.774129927604,4.091
190650,코리아에셋투자증권,KOSDAQ,일반,금융 지원 서비스업,"IB금융자문, 채권인수 및 매매, 투자중개, 펀드운용 등",6510.0,41585000000.0,0.4173,4.6,9.076755760368664,15600.287562904385,8.449
069510,에스텍,KOSDAQ,일반,영상 및 음향기기 제조업,스피커 및 스피커시스템,12780.0,139429000000.0,0.41736,3.22,12.942078873239439,30621.046578493388,6.651
012630,HDC,KOSPI,일반,기타 금융업,지주회사,26900.0,1607052000000.0,0.41749,3.65,11.450710855018588,64432.681022299934,1.673
006040,동원산업,KOSPI,일반,기타 금융업,지주회사,35900.0,1584655000000.0,0.41825,3.66,11.426729805013927,85833.831440526,3.203
004780,대륙제관,KOSDAQ,일반,기타 금속 가공제품 제조업,휴대용부탄가스 및 금속포장용기,4275.0,67986000000.0,0.41829,6.18,6.770916491228071,10220.182170264648,3.509
071850,캐스텍코리아,KOSDAQ,일반,자동차 신품 부품 제조업,자동차용 터보차저 부품,1211.0,29379000000.0,0.41837,,-7.46225598678778,2894.5670100628627,1.418
140070,서플러스글로벌,KOSDAQ,건설/인프라 피어,기계장비 및 관련 물품 도매업,"반도체 제조용 장비, 유휴기계설비 도소매",2160.0,79894000000.0,0.41913,,-11.429054166666667,5153.532316942237,1.389
067770,세진티에스,KOSDAQ,일반,전자부품 제조업,LED/LCD용 광기능성 시트,2525.0,21201000000.0,0.4199,7.26,5.787136633663366,6013.336508692546,1.98
060480,국일신동,KOSDAQ,일반,1차 비철금속 제조업,황동봉,1610.0,17854000000.0,0.42001,18.3,2.2957068322981367,3833.2420656651034,1.863
023150,MH에탄올,KOSPI,일반,알코올음료 제조업,"주정,탄산가스 제조",4085.0,25332000000.0,0.42036,,-6.061004651162791,9717.86088114949,6.12
002140,고려산업,KOSPI,일반,"곡물가공품, 전분 및 전분제품 제조업","배합사료,플라스틱용기 제조/부동산 임대",1987.0,49554000000.0,0.42042,6.78,6.1994494212380475,4726.226154797583,2.013
009270,신원,KOSPI,일반,봉제의복 제조업,"여성,남성의류,스웨터,의복관련 악세사리,사카린,망초 제조,판매,수출입/섬유의류 도매/신용카드업/의류전문 물류대행 및 임대사업",1133.0,130034000000.0,0.42046,29.05,1.4473027360988526,2694.6677448508776,4.413
079170,한창산업,KOSDAQ,일반,1차 비철금속 제조업,"아연말,리튬브로마이드,산화망간,인산아연",6130.0,31876000000.0,0.42048,7.61,5.521800978792823,14578.576864535768,3.426
107590,미원홀딩스,KOSPI,일반,기타 금융업,도료첨가제,60800.0,141056000000.0,0.42105,2.7,15.603780592105263,144400.90250564067,1.151
241690,유니테크노,KOSDAQ,일반,자동차 신품 부품 제조업,"자동차 부품, 전기차 부품, 배터리 셀케이스, ESS 배터리 모듈, SBW 및 EPB, EPS 전동화 부품",2540.0,62155000000.0,0.42118,,-0.08290944881889763,6030.6757205945205,0.669
049070,인탑스,KOSDAQ,일반,통신 및 방송 장비 제조업,"휴대용단말기 부품, 가전 부품, 자동차 부품, 의료기기 제품, 로봇 관련 제품 제조 등",18310.0,288241000000.0,0.42123,9.87,4.267513107591479,43467.93913064122,1.092
036670,삼양케이씨아이,KOSDAQ,일반,기타 화학제품 제조업,"폴리머,레진,계면활성제",5080.0,54661000000.0,0.4213,6.54,6.443899606299213,12057.91597436506,4.921
011760,현대코퍼레이션,KOSPI,일반,상품 종합 도매업,"자동차,철강,기계,선박,플랜트,컴퓨터,전자제품 수출,수출입대행/자원(탄광,유전) 개발",26850.0,355197000000.0,0.4215,3.59,11.726648044692737,63701.067615658365,2.607
093920,서원인텍,KOSDAQ,일반,통신 및 방송 장비 제조업,휴대폰용키패드및부자재,4840.0,90024000000.0,0.42262,9.24,4.575472727272727,11452.368558042686,7.231
032190,다우데이타,KOSDAQ,일반,기계장비 및 관련 물품 도매업,"Autodesk 제품군 및 보안, 백신 소프트웨어 등",20200.0,773660000000.0,0.42335,2.3,18.367521782178216,47714.65690327153,2.723
010690,화신,KOSPI,일반,자동차 신품 부품 제조업,"자동차엔진부품(ARM류,C/MBR류),자동차부품 제조",7660.0,267490000000.0,0.42351,3.68,11.505539295039164,18086.940095865506,2.219
154040,다산솔루에타,KOSDAQ,일반,전자부품 제조업,전자파 차폐소재,1055.0,22804000000.0,0.42375,,-0.40165876777251186,2489.675516224189,
014580,태경비케이,KOSPI,일반,"시멘트, 석회, 플라스터 및 그 제품 제조업","생석회,소석회,석회비료 제조,판매/비금속광물 광업/산업폐기물 재생처리/휴게소 운영",3770.0,103988000000.0,0.42388,3.75,11.299718832891244,8894.026611305087,3.979
120110,코오롱인더,KOSPI,일반,화학섬유 제조업,"산업자재, 화학, 필름",58200.0,1742859000000.0,0.42435,13.24,3.2059569587628864,137150.93672675858,2.234
009810,MDS스피어,KOSPI,일반,기타 전문 도매업,"MRO, 영상콘텐츠",1936.0,39400000000.0,0.42457,,-11.403739669421489,4559.907671290953,25845.5
056700,신화인터텍,KOSDAQ,일반,플라스틱제품 제조업,디스플레이 BLU용 광학필름,1411.0,41109000000.0,0.42467,,-0.0902912827781715,3322.5798855581984,3.544
121800,비덴트,KOSDAQ,일반,통신 및 방송 장비 제조업,방송용 LCD모니터,3320.0,256309000000.0,0.42601,,-8.071093072289157,7793.24429004014,1.095
071090,하이스틸,KOSPI,일반,1차 철강 제조업,"강관 제조,도매",3240.0,65420000000.0,0.42614,72.0,0.5918611111111112,7603.135119913643,0.309
020400,대동금속,KOSDAQ,일반,금속 주조업,"농기계 주문제품 및 상용차 실린더 헤드, 경승용차 실린더 브록 외",2760.0,25042000000.0,0.42659,,-7.341675724637681,6469.912562413559,1.087
193250,링크드,KOSDAQ,일반,전자부품 제조업,휴대폰용 진동모터,2065.0,27606000000.0,0.42679,2.57,16.616908474576274,4838.4451369526,2.421
142760,모아라이프플러스,KOSDAQ,일반,자연과학 및 공학 연구개발업,"자궁경부상피이형증 치료제, 자궁경부전암 치료백신",481.0,10141000000.0,0.42715,,-60.298305613305615,1126.0681259510711,
264900,크라운제과,KOSPI,일반,"떡, 빵 및 과자류 제조업","비스킷, 스낵, 당과",7800.0,97686000000.0,0.42762,10.14,4.215894615384616,18240.49389645012,3.59
038070,서린바이오,KOSDAQ,일반,기타 전문 도매업,생명과학연구기기및시약,4065.0,37807000000.0,0.42777,41.06,1.0418014760147603,9502.770180237043,2.407
024110,기업은행,KOSPI,일반,은행 및 저축기관,은행업,20200.0,16108002000000.0,0.42813,6.1,7.019636435643564,47181.93072197697,5.188
033050,제이엠아이,KOSDAQ,일반,기타 화학제품 제조업,CD복제품,845.0,26904000000.0,0.42837,4.12,10.392408284023668,1972.5937857459674,2.367
068290,삼성출판사,KOSPI,일반,"서적, 잡지 및 기타 인쇄물 출판업","서적 출판,인쇄,소매/부동산 임대",6260.0,62600000000.0,0.42866,8.3,5.163093290734825,14603.648579293613,3.195
005490,POSCO홀딩스,KOSPI,일반,1차 철강 제조업,"열연코일,냉연강판,후판,선재,스테인리스 제조",326000.0,25832737000000.0,0.42965,19.48,2.205844187116564,758757.1278947982,3.067
002220,한일철강,KOSPI,일반,1차 철강 제조업,"강관류,철판류,금속관류,건축자재,자동차부품 제조,도매",2995.0,79958000000.0,0.42997,,-1.0049382303839733,6965.6022513198595,1.002
015890,태경산업,KOSPI,일반,기초 화학물질 제조업,"제강용 정련제(프락스),카바이드,중질탈산칼슘 제조,판매/고속도로휴게소 운영",4795.0,140151000000.0,0.42998,5.15,8.348516788321168,11151.68147355691,5.214
001290,상상인증권,KOSPI,일반,금융 지원 서비스업,유가증권 매매,4205.0,91111000000.0,0.43087,7.28,5.922541260404281,9759.32415809873,3.709
104460,디와이피엔에프,KOSDAQ,일반,일반 목적용 기계 제조업,뉴메틱 컨베잉 시스템(분체이송시스템),6710.0,70576000000.0,0.43113,8.14,5.294353502235469,15563.751072762276,10.432
008490,서흥,KOSPI,일반,기타 화학제품 제조업,"의약품(하드캅셀,건강보조식품,소프트캅셀),건강보조식품,인삼제품 제조,판매",20550.0,237745000000.0,0.43129,6.07,7.102118540145986,47647.75441118505,2.433
006880,신송홀딩스,KOSPI,일반,산업용 농·축산물 및 동·식물 도매업,사업경영 및 관리자문,4390.0,51928000000.0,0.4329,7.26,5.965933940774488,10140.91014091014,2.733
002390,한독,KOSPI,일반,의약품 제조업,"의약품(소화제,크라포란,라식스)제조,도매,부동산 임대",8560.0,117815000000.0,0.4334,,-3.447960280373832,19750.80756806645,2.336
215360,우리산업,KOSDAQ,일반,자동차 신품 부품 제조업,ACTUATOR 등,6140.0,56071000000.0,0.43351,2.65,16.38018241042345,14163.456436991073,3.257
131400,이브이첨단소재,KOSDAQ,일반,전자부품 제조업,연성회로기판,766.0,45647000000.0,0.43392,,-7.647415143603133,1765.302359882006,3.441
031430,신세계인터내셔날,KOSPI,일반,"섬유, 의복, 신발 및 가죽제품 소매업","섬유, 의복, 신발 및 가죽제품 소매",10440.0,365253000000.0,0.43439,17.79,2.4424035440613023,24033.70243329727,3.831
091590,남화토건,KOSDAQ,건설/인프라 피어,건물 건설업,"건축공사, 토목공사",6270.0,73609000000.0,0.43514,6.69,6.502809888357257,14409.155674035941,1.595
016580,환인제약,KOSPI,일반,의약품 제조업,"의약품(신경정신질환치료제,소화기관용약제,연고) 제조,도매",9990.0,185814000000.0,0.43617,9.08,4.8026726726726725,22903.913611665175,3.003
208350,지란지교시큐리티,KOSDAQ,일반,소프트웨어 개발 및 공급업,보안 소프트웨어,3110.0,25195000000.0,0.43629,10.54,4.138442122186495,7128.286231634922,1.929
004450,삼화왕관,KOSPI,일반,기타 금속 가공제품 제조업,"납세용 일반병마개,알루미늄캡,플라스틱캡 제조,판매,금속인쇄,수출",27100.0,58383000000.0,0.43659,11.77,3.710209483394834,62071.9668338716,4.428
220180,폴라리스AI핸디,KOSDAQ,일반,소프트웨어 개발 및 공급업,"그룹웨어, 협업솔루션",1354.0,32402000000.0,0.43759,12.2,3.5873330871491875,3094.220617472977,
146060,율촌,KOSDAQ,일반,1차 철강 제조업,냉간인발강관(파이프),1079.0,25912000000.0,0.43805,7.82,5.6024930491195555,2463.189133660541,5.952
024910,경창산업,KOSDAQ,일반,자동차 신품 부품 제조업,"각종 케이블, 개폐랫치, 리저브탱크, 밴드류, 페달류, 오토트랜스미션부품, 시트용 단품",1504.0,53871000000.0,0.43809,,-11.505688164893616,3433.084526010637,1.33
036830,솔브레인홀딩스,KOSDAQ GLOBAL,일반,회사 본부 및 경영 컨설팅 서비스업,"반도체,디스플레이,2차전지 공정용 화학제품",41550.0,851940000000.0,0.43861,1.49,29.508794079422383,94731.0822826657,1.203
048430,유라테크,KOSDAQ,일반,"전동기, 발전기 및 전기 변환 · 공급 · 제어 장치 제조업","점화코일, 스파크플러그",6540.0,75340000000.0,0.43889,9.97,4.402321712538226,14901.228098156713,3.058
297890,HB솔루션,KOSDAQ,일반,특수 목적용 기계 제조업,"디스플레이 제조용 장비(도포기, 조립기, 검사기)",1628.0,119073000000.0,0.43903,2.76,15.910792383292382,3708.174839988156,1.843
029460,케이씨,KOSPI,일반,"측정, 시험, 항해, 제어 및 기타 정밀기기 제조업; 광학기기 제외",가스/Chemical 공급 장치 등 제조 및 판매,40400.0,445229000000.0,0.43966,9.43,4.663225495049505,91889.18709912205,1.064
027710,팜스토리,KOSDAQ,일반,동물용 사료 및 조제식품 제조업,사료,1139.0,126903000000.0,0.43991,7.54,5.831993854258122,2589.1659657657246,8.78
293480,하나제약,KOSPI,일반,의약품 제조업,완제의약품,8270.0,146982000000.0,0.4402,8.41,5.232365175332526,18786.915038618812,3.144
001780,알루코,KOSPI,일반,1차 비철금속 제조업,"알루미늄제품,샷시 제조",1596.0,154540000000.0,0.44038,7.98,5.518546365914786,3624.142785775921,1.566
003960,사조대림,KOSPI,일반,수산물 가공 및 저장 처리업,"게맛살,어육연제품,식용류,배합사료 제조",27750.0,254313000000.0,0.44043,,-35.60896389189189,63006.607179347455,0.901
241840,에이스토리,KOSDAQ,일반,"영화, 비디오물, 방송프로그램 제작 및 배급업",방송프로그램 제작,2280.0,21751000000.0,0.44095,,-9.515236842105264,5170.654269191518,
053280,예스24,KOSDAQ,일반,무점포 소매업,"도서,음반/DVD,화장품",2940.0,73500000000.0,0.44115,,-5.71694387755102,6664.39986399184,8.503
314140,알피바이오,KOSDAQ,일반,의약품 제조업,연질캡슐 제형의 의약품 및 건강기능식품,5880.0,50958000000.0,0.44231,7.58,5.837288435374149,13293.84368429382,0.85
027830,대성창투,KOSDAQ,일반,신탁업 및 집합투자업,투자서비스,829.0,44766000000.0,0.44245,8.37,5.283781664656213,1873.6580404565486,3.375
050120,ES큐브,KOSDAQ,일반,생활용품 도매업,"텐트, 원 ·부자재",3145.0,42659000000.0,0.44255,8.96,4.9391112877583465,7106.541633713705,6.088
138930,BNK금융지주,KOSPI,일반,기타 금융업,금융지주회사,15700.0,4817384000000.0,0.44256,6.54,6.768067261146498,35475.41576283442,4.682
003530,한화투자증권,KOSPI,일반,금융 지원 서비스업,"유가증권 위탁매매,자기매매,인수주선",4560.0,978337000000.0,0.44319,12.26,3.6154973684210527,10289.04081770798,4.386
085810,알티캐스트,KOSDAQ,일반,소프트웨어 개발 및 공급업,"디지털 방송용 소프트웨어(셋톱박스용 미들웨어 등), CAS(수신제한시스템)",1456.0,20583000000.0,0.44357,,-13.678772664835165,3282.4582365804717,51.511
200780,비씨월드제약,KOSDAQ,일반,의약품 제조업,"마취통증약, 순환계약, 항생제, 기타처방약",3015.0,32156000000.0,0.44389,,-4.004579767827529,6792.22329856496,3.028
023590,다우기술,KOSPI,일반,"자료처리, 호스팅, 포털 및 기타 인터넷 정보매개 서비스업","인터넷솔루션 개발,도매,IT컨설팅,시스템 설계,자문,인터넷관련서비스/부동산분양,개발,임대",39900.0,1727163000000.0,0.44392,2.37,18.73364651629073,89881.05965038745,4.511
017180,명문제약,KOSPI,일반,의약품 제조업,"의약품(ROBAXIN 주사,KIMITE패취) 제조,판매",1288.0,43732000000.0,0.44396,,-1.6889782608695652,2901.162266870889,7.373
010470,오리콤,KOSDAQ,일반,광고업,광고대행,4960.0,59396000000.0,0.44418,7.57,5.865683467741936,11166.644153271196,5.444
342870,오아,KOSDAQ,일반,가전제품 및 정보통신장비 소매업,계절/생활/주방/건강가전 및 헬스/건강식품,3690.0,20111000000.0,0.44484,,-14.707447154471545,8295.117345562448,
072870,메가스터디,KOSDAQ,일반,"서적, 잡지 및 기타 인쇄물 출판업","온라인강의,교재판매",13100.0,156164000000.0,0.44585,5.32,8.379257251908397,29382.079174610295,10.076
032860,더라미,KOSDAQ,일반,"해체, 선별 및 원료 재생업","화장품, 철스크랩",2855.0,23066000000.0,0.44597,,-12.137257092819615,6401.775904208804,2693500.0
058730,다스코,KOSPI,일반,"구조용 금속제품, 탱크 및 증기발생기 제조업","데크플레이트,도로안전시설물(가드레일,강재방호책),건축용단열재보드(경질우레탄보드),신재생에너지사업",3240.0,65614000000.0,0.44669,,-7.486193518518518,7253.352436813003,3.086
051370,인터플렉스,KOSDAQ,일반,전자부품 제조업,연성회로기판(Flexible PCB),6340.0,147896000000.0,0.44683,4.78,9.34537192429022,14188.841393818679,2.035
007540,샘표,KOSPI,일반,기타 금융업,"간장,된장,고추장 제조,가공,판매,무역",48000.0,138038000000.0,0.44764,14.91,3.00198575,107229.02332231258,0.417
025880,케이씨피드,KOSDAQ,일반,동물용 사료 및 조제식품 제조업,사료,2330.0,38947000000.0,0.4477,3.76,11.913047210300428,5204.377931650659,7.082
294870,IPARK현대산업개발,KOSPI,건설/인프라 피어,건물 건설업,"외주주택, 자체공사, 일반건축, 토목 등",23725.0,1563651000000.0,0.44817,8.49,5.281699978925185,52937.501394560095,2.95
080530,코디,KOSDAQ,일반,기타 화학제품 제조업,화장품 및 용기 제조,2485.0,27513000000.0,0.44856,5.36,8.37552676056338,5539.950062421973,26.828
005320,온타이드,KOSPI,일반,생활용품 도매업,"셔츠,스웨터,파자마(섬유제품) 제조,판매,수출/부동산 임대",1322.0,45196000000.0,0.44926,,-5.131487140695915,2942.6167475404,7.564
043910,자연과환경,KOSDAQ,일반,"시멘트, 석회, 플라스터 및 그 제품 제조업","스테인레스파이프, 다공성식생블록,조경원예자재",3240.0,36738000000.0,0.44932,,-6.185083950617284,7210.896465770497,
039240,경남스틸,KOSDAQ,일반,1차 철강 제조업,"냉연강판,아연도강판, 산세코일, 열연아연도금강판, 전기아연도금강판 등",1904.0,51369000000.0,0.44938,9.43,4.767581932773109,4236.9486848546885,6.303
000240,한국앤컴퍼니,KOSPI,일반,기타 금융업,비금융지주회사,24700.0,2344900000000.0,0.45013,5.93,7.593893562753036,54873.03667829294,4.453
097870,효성오앤비,KOSDAQ,일반,"비료, 농약 및 살균, 살충제 제조업","혼합유박비료,유기복합비료,혼합유기질비료",4445.0,37738000000.0,0.45022,44.45,1.0128683914510686,9872.951001732486,4.499
004000,롯데정밀화학,KOSPI,일반,기초 화학물질 제조업,"염소·셀룰로스계열, 암모니아 계열, 전자재료 등 화학제품 제조",44850.0,1157130000000.0,0.45031,5.76,7.823445975473802,99598.05467344719,3.344
091120,이엠텍,KOSDAQ,일반,전자부품 제조업,"마이크로스피커,리시버",5040.0,86349000000.0,0.45058,,-8.00137103174603,11185.58302632163,1.984
009730,이렘,KOSDAQ,일반,1차 철강 제조업,"스테인리스파이프, 슈퍼데크",2105.0,16788000000.0,0.45078,,-59.51152589073634,4669.683659434758,409.722
126600,BGF에코머티리얼즈,KOSDAQ,건설/인프라 피어,합성고무 및 플라스틱 물질 제조업,엔지니어링 플라스틱 칩,3075.0,193008000000.0,0.45143,12.15,3.7142045528455285,6811.68730478701,1.626
101000,KS인더스트리,KOSDAQ,일반,,,1996.0,19781000000.0,0.45154,,-4.86378256513026,4420.427869070293,278.059
034590,인천도시가스,KOSPI,건설/인프라 피어,연료용 가스 제조 및 배관공급업,도시가스 공급/가스설비공사,26350.0,115274000000.0,0.4517,5.87,7.698613662239088,58335.17821562984,5.218
003800,에이스침대,KOSDAQ,일반,가구 제조업,침대,32400.0,359316000000.0,0.45207,5.87,7.694956944444445,71670.31654389806,7.099
055490,테이팩스,KOSPI,일반,플라스틱제품 제조업,"OCA, 2차전지용 테이프, 산업용 랩 등",14930.0,71464000000.0,0.45217,7.85,5.763426054922974,33018.55496826415,1.34
084690,대상홀딩스,KOSPI,일반,기타 금융업,지주회사,7930.0,287165000000.0,0.45221,,-12.209099747793191,17536.100484288272,3.783
111380,동인기연,KOSPI,일반,"가죽, 가방 및 유사제품 제조업","스포츠용품(등산용가방,골프백),금속압형제품,유아용품 제조,도소매,통신 판매/부동산 임대",12890.0,78989000000.0,0.4523,3.1,14.590096198603566,28498.78399292505,5.275
216050,인크로스,KOSDAQ,일반,광고업,미디어렙서비스,4925.0,60078000000.0,0.45244,5.26,8.607843248730966,10885.421271328794,6.051
079810,APS이노베이션,KOSDAQ,일반,기타 전기장비 제조업,FPD공정검사장비,3745.0,80622000000.0,0.4526,6.75,6.7074232309746336,8274.414494034467,1.204
417180,핑거스토리,KOSDAQ,일반,기타 정보 서비스업,"웹툰, 디지털 만화, 웹소설",4235.0,24202000000.0,0.45355,,-1.0066989374262103,9337.449013339212,
035510,신세계 I&C,KOSPI,일반,"컴퓨터 프로그래밍, 시스템 통합 및 관리업","IT시스템 개발, 운영 및 유지보수, IT 컨설팅, IT장비솔루션 총판, 아웃소싱, IDC, IT기기 및 휴대폰 유통, 전자상품권",15740.0,220059000000.0,0.45387,7.26,6.251525794155019,34679.533787207794,3.558
196700,웹스,KOSDAQ,일반,합성고무 및 플라스틱 물질 제조업,"기능성 컴파운드, 건축외장자재",1408.0,20224000000.0,0.45428,4.15,10.93756534090909,3099.410055472396,
139130,iM금융지주,KOSPI,일반,기타 금융업,지주회사,18020.0,2853708000000.0,0.45437,6.76,6.722255382907879,39659.30849307833,3.885
012790,신일제약,KOSDAQ,일반,의약품 제조업,"디펜플라스타, 맥스케어, 트레스, 리피칸",6080.0,72877000000.0,0.45537,11.36,4.0069564144736844,13351.779871313438,3.125
133750,메가엠디,KOSDAQ,일반,일반 교습 학원,"의학, 치의학, 법학 전문대학원, 약학대학 입학시험 대비 강의",1411.0,33027000000.0,0.45613,6.53,6.982571226080794,3093.416350601802,4.252
238490,힘스,KOSDAQ,일반,특수 목적용 기계 제조업,"OLED Mask 인장기, OLED Mask 검사기 등",2275.0,25735000000.0,0.45731,,-24.966110769230767,4974.743609367825,2.198
251270,넷마블,KOSPI,일반,소프트웨어 개발 및 공급업,온라인·모바일 게임 소프트웨어 개발 및 공급,34900.0,2902229000000.0,0.45829,7.43,6.165247994269341,76152.65443278274,2.51
226320,잇츠한불,KOSPI,일반,기타 화학제품 제조업,"스킨케어 베이직, 포인트 메이크업, 스킨케어 스페셜, 베이스 메이크업 등",10770.0,236178000000.0,0.45837,7.09,6.464847075208913,23496.3021140127,2.553
007720,소노스퀘어,KOSDAQ,일반,상품 종합 도매업,기업소모성자재 구매대행업,1137.0,22922000000.0,0.45861,,-8.752715039577838,2479.230718911493,10.994
120030,조선선재,KOSPI,일반,기타 금속 가공제품 제조업,용접재료,84200.0,105894000000.0,0.45868,7.81,5.87132190023753,183570.24505101595,0.594
011780,금호석유화학,KOSPI,일반,기초 화학물질 제조업,"합성고무 SBR(스티렌부타디엔러버),BR(폴리부타디엔러버),합성수지,BD,라텍스 제조,도소매",120400.0,3028941000000.0,0.45919,6.89,6.660924709302325,262200.8318996494,1.412
016100,리더스코스메틱,KOSDAQ,일반,"골판지, 종이 상자 및 종이용기 제조업",화장품,1259.0,24048000000.0,0.45936,,-17.62278633836378,2740.769766631836,3.194
039740,한국정보공학,KOSDAQ,일반,기타 전문 도매업,"그룹웨어, 자료관리시스템",3080.0,24696000000.0,0.46015,5.65,8.14226461038961,6693.469520808432,1.623
364950,에이아이코리아,KOSDAQ,일반,특수 목적용 기계 제조업,"2차전지 중앙 전해액 공급시스템(CESS), 프로세스파이핑, 건식세정장비",3390.0,28124000000.0,0.4603,8.87,5.186861356932153,7364.762111666305,1.288
238200,비피도,KOSDAQ,일반,기타 식품 제조업,프로바이오틱스 관련 완제품 및 균주 원말 등,2705.0,22126000000.0,0.46052,11.97,3.8475977818853973,5873.794840614957,1.078
372910,한컴라이프케어,KOSPI,일반,의료용 기기 제조업,"공기호흡기, 방독면, 보호복 등",2100.0,58116000000.0,0.46054,,-0.32895714285714284,4559.864506883224,14.286
278650,HLB바이오스텝,KOSDAQ,일반,자연과학 및 공학 연구개발업,비임상실험 유효성(약리)평가,2465.0,42970000000.0,0.46069,,-19.773225963488844,5350.66964770236,4.508
263770,유에스티,KOSDAQ,일반,1차 철강 제조업,스테인레스강관,1644.0,38963000000.0,0.46138,10.34,4.4622518248175185,3563.223373358186,3.65
189980,흥국에프엔비,KOSDAQ,일반,비알코올음료 및 얼음 제조업,"과일음료(에이드베이스, 스무디, 착즙쥬스 등)",1161.0,46600000000.0,0.462,10.55,4.377260981912145,2512.987012987013,11.197
069960,현대백화점,KOSPI,일반,종합 소매업,백화점,99900.0,2154334000000.0,0.46244,9.68,4.778083763763764,216028.02525733068,2.152
035810,이지홀딩스,KOSDAQ,일반,동물용 사료 및 조제식품 제조업,지주회사,4625.0,298387000000.0,0.46324,13.44,3.445504,9984.025559105432,29.427
015360,INVENI,KOSPI,일반,회사 본부 및 경영 컨설팅 서비스업,지주사업,14500.0,395125000000.0,0.46327,5.05,9.166356068965516,31299.24234247847,7.448
284740,쿠쿠홈시스,KOSPI,일반,개인 및 가정용품 임대업,"정수기, 공기청정기 등",23700.0,531764000000.0,0.46406,3.86,12.018566582278481,51070.98220057751,5.063
263600,덕우전자,KOSDAQ,일반,전자부품 제조업,카메라 모듈 부품,3515.0,55995000000.0,0.46407,2.23,20.846842958748223,7574.288361669576,1.991
089850,유비벨록스,KOSDAQ,일반,소프트웨어 개발 및 공급업,"모바일플랫폼 및 모바일솔루션, 스마트카드 등",4260.0,62750000000.0,0.46436,,-4.403789671361503,9173.916788698423,3.327
014440,영보화학,KOSPI,일반,플라스틱제품 제조업,"가교발포폴리에틸렌(아티론,영보드) 제조,판매",4660.0,93200000000.0,0.46457,5.09,9.121921673819742,10030.781152463569,7.511
009680,모토닉,KOSPI,일반,자동차 신품 부품 제조업,"자동차용 부품(연료펌프,LPI SYSTEM, FCEV) 제조,판매",10200.0,221677000000.0,0.46473,10.01,4.642743823529412,21948.228003356788,7.745
285800,진영,KOSDAQ,일반,플라스틱제품 제조업,"가구용 ASA플라스틱 시트, 엣지밴드",5830.0,20951000000.0,0.46503,11.95,3.8925324185248718,12536.825581145302,0.692
250000,보라티알,KOSDAQ,일반,음·식료품 및 담배 도매업,"유가공품, 소스류, 파스타류",5690.0,38411000000.0,0.4653,,-2.3960087873462212,12228.669675478186,7.03
004720,팜젠사이언스,KOSPI,일반,의약품 제조업,의약품 외,2820.0,63885000000.0,0.46585,,-107.59152659574467,6053.450681549855,3.982
094840,슈프리마에이치큐,KOSDAQ,일반,통신 및 방송 장비 제조업,지문인식솔루션및시스템,11950.0,117183000000.0,0.46597,7.9,5.899687112970711,25645.427817241452,0.418
065060,지엔코,KOSDAQ,일반,봉제의복 제조업,"캐쥬얼의류(Thursday Island, TI FOR MEN)",3410.0,20427000000.0,0.46699,,-16.7349495601173,7302.0835563930705,82.082
014570,고려제약,KOSDAQ,일반,의약품 제조업,"하벤(종합감기약),뉴로메드(치매치료제)등",3405.0,37455000000.0,0.46702,25.22,1.8516211453744496,7290.908312277847,5.286
255440,야스,KOSDAQ,일반,특수 목적용 기계 제조업,"OLED 증착기, OLED 증착원",6760.0,88272000000.0,0.46787,2.37,19.746051923076923,14448.457904973604,0.74
036580,팜스코,KOSPI,일반,"곡물가공품, 전분 및 전분제품 제조업","배합사료 제조,도매",2535.0,93105000000.0,0.46788,,-8.10253727810651,5418.055911772249,1.972
021040,대호특수강,KOSDAQ,일반,1차 철강 제조업,냉간압조용선재,943.0,20467000000.0,0.46813,,-7.198181336161187,2014.3977100378102,23.373
101530,해태제과식품,KOSPI,일반,기타 식품 제조업,"홈런볼, 오예스, 맛동산, 부라보콘 등",5530.0,161016000000.0,0.4685,7.39,6.337034358047017,11803.628601921024,4.521
100130,동국S&C,KOSDAQ,일반,"구조용 금속제품, 탱크 및 증기발생기 제조업",Wind-Tower,1451.0,82914000000.0,0.46862,,-10.076460372157134,3096.3253809056378,6.892
069410,엔텔스,KOSDAQ,일반,소프트웨어 개발 및 공급업,운용지원솔루션,2690.0,27558000000.0,0.47001,9.75,4.822407434944238,5723.282483351419,2.503
080010,이상네트웍스,KOSDAQ,일반,상품 중개업,기업간전자상거래서비스,7530.0,74058000000.0,0.47021,4.96,9.472889375830015,16014.12135003509,2.656
013720,청보,KOSDAQ,일반,자동차 신품 부품 제조업,엔진부품,2165.0,26338000000.0,0.47037,,-23.572815242494226,4602.759529731913,2.903
017250,인터엠,KOSDAQ,일반,영상 및 음향기기 제조업,음향기기,1053.0,22160000000.0,0.47083,6.34,7.42239126305793,2236.4760104496313,9.497
034940,조아제약,KOSDAQ,일반,의약품 제조업,"의약품,의약부외품,보건보조식품,위생용품의제조판매",2710.0,16791000000.0,0.47166,,-7.9016103321033215,5745.664249671373,8.886
008870,금비,KOSPI,일반,유리 및 유리제품 제조업,"유리제품(주류병) 제조/화장품 도소매,수입(병제조기기)",39900.0,39900000000.0,0.47219,,-0.07455631578947368,84499.88352146382,3.008
038460,바이오스마트,KOSDAQ,일반,전자부품 제조업,"M/S 카드제조업, IC 카드제조, 카드장비판매",2860.0,72285000000.0,0.47237,5.5,8.588545454545455,6054.5758621419645,2.203
010240,흥국,KOSDAQ,일반,특수 목적용 기계 제조업,굴삭기 Roller 및 형단조품,5250.0,61456000000.0,0.47286,3.87,12.204291428571429,11102.65194772237,5.333
025540,한국단자,KOSPI,일반,"전동기, 발전기 및 전기 변환 · 공급 · 제어 장치 제조업","전기변환장치(광커넥터,통신용콘넥터,정밀압착단자설계) 제조,무역(수출)",56400.0,570486000000.0,0.4732,4.68,10.101645390070923,119188.50380388842,5.674
127710,아시아경제,KOSDAQ,일반,"자료처리, 호스팅, 포털 및 기타 인터넷 정보매개 서비스업",광고 및 콘텐츠,1287.0,56691000000.0,0.47374,,-1.141098679098679,2716.68003546249,6.216
068050,팬엔터테인먼트,KOSDAQ,일반,"영화, 비디오물, 방송프로그램 제작 및 배급업","방송영상물,음반",1188.0,32900000000.0,0.47393,,-8.616909090909092,2506.699301584622,0.933
069080,웹젠,KOSDAQ GLOBAL,일반,소프트웨어 개발 및 공급업,3D 온라인게임 '뮤(MU)',11100.0,343728000000.0,0.47396,12.14,3.9026976576576575,23419.697864798716,6.306
010660,화천기계,KOSPI,일반,특수 목적용 기계 제조업,"선반,밀링,연삭기,CNC선반,CNC밀링,머시닝센타 제조,판매/자동차부품(실린더블럭) 제조",3150.0,69300000000.0,0.47407,12.7,3.7323606349206355,6644.588351931149,0.635
003470,유안타증권,KOSPI,일반,금융 지원 서비스업,"유가증권 매매,중개,대리,인수",4465.0,860316000000.0,0.47474,4.9,9.686184546472564,9405.148081054893,4.927
228850,레이언스,KOSDAQ,일반,의료용 기기 제조업,"TFT Detector, CMOS Detector, I/O Sensor",8230.0,136544000000.0,0.47535,32.53,1.461282503037667,17313.558430630063,3.645
006140,피제이전자,KOSDAQ,일반,의료용 기기 제조업,EMS Business(의료용기기제조외),4530.0,67338000000.0,0.476,5.79,8.227549668874172,9516.806722689076,4.415
455180,케이지에이,KOSDAQ,일반,특수 목적용 기계 제조업,"2차전지 전극장비 (코터, 프레스, 슬리터), 덕트자동화 장비",1300.0,19121000000.0,0.47719,,-21.510256923076923,2724.281732643182,
105630,한세실업,KOSPI,일반,봉제의복 제조업,의류 완제품,8860.0,354400000000.0,0.47737,10.05,4.752148306997743,18560.026813582754,6.772
290090,트윔,KOSDAQ,건설/인프라 피어,소프트웨어 개발 및 공급업,AI 기반 스마트팩토리 검사 소프트웨어 및 설비,4370.0,32515000000.0,0.47764,,-0.20766956521739133,9149.149987438237,13.73
004140,동방,KOSPI,일반,기타 운송관련 서비스업,"육상운송,해상운송,항만화물하역,보관,창고,물류사업",1774.0,85101000000.0,0.47782,12.07,3.959387824126269,3712.6951571721565,1.691
041190,우리기술투자,KOSDAQ,일반,기타 금융업,창업자에 대한 투자 및 융자,5420.0,432516000000.0,0.47807,11.43,4.1809073800738,11337.25186688142,0.185
036530,SNT홀딩스,KOSPI,일반,기타 금융업,"지배,경영지도,정리,육성",46500.0,758130000000.0,0.47814,7.62,6.276487225806451,97251.85092232401,6.452
290520,신도기연,KOSDAQ,일반,특수 목적용 기계 제조업,"OLED용 후공정장비(라미네이터, 오토클레이브 등)",1594.0,25083000000.0,0.47815,,-2.0697835633626096,3333.681898985674,
016590,신대양제지,KOSPI,일반,"골판지, 종이 상자 및 종이용기 제조업","골판지용 골심지,라이너지 제조,수출입",9890.0,398545000000.0,0.4782,12.18,3.926171890798787,20681.72312839816,2.275
123040,엠에스오토텍,KOSDAQ,일반,자동차 신품 부품 제조업,자동차 차체 부품,1690.0,105841000000.0,0.47913,,-28.804501775147926,3527.2264312399557,4.438
004490,세방전지,KOSPI,일반,일차전지 및 이차전지 제조업,"자동차용 및 산업용 축전지(연축전지) 제조,판매",60100.0,832986000000.0,0.4803,5.88,8.171493344425956,125130.12700395586,4.409
134790,시디즈,KOSPI,일반,가구 제조업,의자,19100.0,38200000000.0,0.48085,9.77,4.921789267015707,39721.32681709473,2.618
171120,라이온켐텍,KOSDAQ,일반,기타 화학제품 제조업,"합성왁스, 인조대리석",1993.0,71552000000.0,0.48105,4.29,11.223695434019065,4143.020476041992,5.018
024720,콜마홀딩스,KOSPI,일반,기타 금융업,"경영컨설팅,무역,과학및기술서비스업,도매",9390.0,322041000000.0,0.48136,6.88,6.992279446219382,19507.229516370284,2.875
357250,미래에셋맵스리츠,KOSPI,일반,부동산 임대 및 공급업,부동산 임대업,1816.0,45391000000.0,0.48194,50.44,0.9553876651982377,3768.10391335021,12.775
073110,엘엠에스,KOSDAQ,일반,전자부품 제조업,프리즘시트,5140.0,45724000000.0,0.48281,14.73,3.278223540856031,10646.009817526563,4.28
260660,알리코제약,KOSDAQ,일반,의료용품 및 기타 의약 관련제품 제조업,완제 의약품,2390.0,36631000000.0,0.48287,,-3.7579004184100415,4949.572348665272,3.138
215000,골프존,KOSDAQ,일반,소프트웨어 개발 및 공급업,골프시뮬레이터,35450.0,222463000000.0,0.48339,11.25,4.298012073342735,73336.22954550157,11.283
304840,피플바이오,KOSDAQ,일반,의료용품 및 기타 의약 관련제품 제조업,올리고머화 베타-아밀로이드 검사제품(알츠하이머병 진단),561.0,13643000000.0,0.48378,,-58.46752941176471,1159.6180081855389,
072990,에이치시티,KOSDAQ,일반,기타 과학기술 서비스업,기술검사서비스,3120.0,45234000000.0,0.48407,52.0,0.9309038461538462,6445.348813188175,1.433
033320,제이씨현시스템,KOSDAQ,일반,기계장비 및 관련 물품 도매업,"메인보드, 그래픽카드",3150.0,60210000000.0,0.48407,7.7,6.285226349206349,6507.323321007292,1.587
351870,차이커뮤니케이션,KOSDAQ,일반,광고업,"광고대행, 광고물 작성",2335.0,26060000000.0,0.48411,,-1.8866813704496788,4823.283964388259,3.329
043610,KT지니뮤직,KOSDAQ,일반,영상·오디오물 제공 서비스업,디지털 음악 서비스 및 음원유통,1179.0,68518000000.0,0.4853,,-21.733536895674302,2429.4250978776013,3.393
043150,바텍,KOSDAQ,일반,의료용 기기 제조업,"치과용 디지털 X-ray기기 (파노라마, CT) 및 구강스캐너 등",17800.0,264405000000.0,0.4855,4.61,10.536441011235956,36663.23377960865,1.685
078070,유비쿼스홀딩스,KOSDAQ,일반,기타 금융업,"지주회사, 자회사관리, 부동산임대",8640.0,147388000000.0,0.4855,4.56,10.637170138888889,17796.086508753862,2.778
075130,플랜티넷,KOSDAQ,일반,"컴퓨터 프로그래밍, 시스템 통합 및 관리업",유해사이트차단서비스,2190.0,35307000000.0,0.48564,219.0,0.22175342465753428,4509.51321966889,4.566
009900,명신산업,KOSPI,일반,자동차 신품 부품 제조업,자동차차체부품,7930.0,416088000000.0,0.48654,4.68,10.405697856242117,16298.762691659475,1.261
137080,나래나노텍,KOSDAQ,일반,특수 목적용 기계 제조업,"디스플레이 장비 (포토, 코팅, 모듈 장비)",6210.0,66508000000.0,0.48672,1.07,45.5055768115942,12758.875739644971,1.61
024740,한일단조,KOSDAQ,일반,자동차 신품 부품 제조업,단조품,2290.0,75334000000.0,0.48691,11.99,4.061127074235808,4703.127888110739,1.792
000220,유유제약,KOSPI,일반,의약품 제조업,"의약품 제조,판매",3835.0,60391000000.0,0.48698,6.0,8.114216949152544,7875.06673785371,2.999
417310,코람코더원리츠,KOSPI,일반,부동산 임대 및 공급업,서울 영등포구 여의도 소재 하나금융투자 빌딩,2375.0,95950000000.0,0.48724,25.54,1.907929263157895,4874.394548887612,15.832
262840,아이퀘스트,KOSDAQ,일반,소프트웨어 개발 및 공급업,"패키지 ERP, 구축형 ERP 등",2710.0,28636000000.0,0.48759,3.56,13.71009520295203,5557.948276215673,5.166
155650,와이엠씨,KOSDAQ,일반,전자부품 제조업,"FPD 패널용 Target, Backing Plate 등",3270.0,62046000000.0,0.48776,12.34,3.9527951070336393,6704.116778743644,2.294
021080,에이티넘인베스트,KOSDAQ,일반,신탁업 및 집합투자업,벤처캐피탈,2130.0,102240000000.0,0.48782,7.08,6.893606572769953,4366.364642696077,6.573
015860,일진홀딩스,KOSPI,일반,기타 금융업,"전기산업용기기(개폐기,차단기,배전반),자동화시스템,자동차엔진부품,절연전선,금구류,고압선,저압선 제조,판매/전기공사,가스절연차단기",6990.0,344938000000.0,0.48787,,-3.2943439198855504,14327.587267099841,2.861
034230,파라다이스,KOSPI,일반,,,9670.0,895726000000.0,0.48803,11.97,4.077851499482938,19814.35567485605,1.551
004650,창해에탄올,KOSDAQ,일반,알코올음료 제조업,"주정(발효주정, 정제주정) 등",9310.0,85567000000.0,0.48806,6.79,7.1924631578947364,19075.523501208867,6.445
084110,휴온스글로벌,KOSDAQ,일반,의약품 제조업,의약품제조업,22100.0,279781000000.0,0.48895,12.39,3.9469990950226244,45198.89559259638,3.982
011320,유니크,KOSDAQ,일반,자동차 신품 부품 제조업,"EGR밸브, 유압솔레노이드밸브, 퓨얼벤트밸브, 퓨얼컷트밸브, 체크밸브, 케니스타 등",3745.0,72356000000.0,0.48989,5.12,9.57542002670227,7644.5732715507565,1.602
008350,남선알미늄,KOSPI,일반,1차 비철금속 제조업,알미늄샷시 제조/환경사업,1084.0,139921000000.0,0.49102,,-3.850249077490775,2207.6493829171927,21.534
041910,폴라리스AI파마,KOSDAQ,일반,의약품 제조업,원료의약품,5430.0,72128000000.0,0.49136,5.11,9.610024309392266,11050.96059915337,1.842
015230,대창단조,KOSPI,일반,자동차 신품 부품 제조업,"자동차,중장비 부품(크랭크샤프트,트랙링크조립체,커넥팅로드,중장비롤러류),기어,동력전달장치,단조가공품,단조품 제조",6810.0,184848000000.0,0.492,4.89,10.056740088105727,13841.463414634147,2.643
481850,신한글로벌액티브리츠,KOSPI,일반,신탁업 및 집합투자업,신탁 및 집합투자,978.0,42521000000.0,0.49213,,-0.8554406952965234,1987.2797837969642,26.278
002880,디와이에이,KOSPI,일반,자동차 신품 부품 제조업,자동차부품(자동차용 시트)제조,3485.0,32601000000.0,0.49336,2.48,19.861810043041608,7063.8073617642285,8.608
052900,KX하이텍,KOSDAQ,일반,플라스틱제품 제조업,TRAY(반도체Packing재료),1041.0,79811000000.0,0.49392,5.05,9.774017291066283,2107.628765792031,1.722
007160,사조산업,KOSPI,일반,수산물 가공 및 저장 처리업,"원양어업(참치,명태,오징어),육가공,참치통조림,장류 제조/냉동냉장 창고운영/부동산 임대/컴퓨터,소프트웨어 개발,도매/팝콘,구운김 도매",48850.0,244250000000.0,0.49507,,-20.8456393654043,98672.91494132143,0.409
017890,한국알콜,KOSDAQ,일반,기타 화학제품 제조업,주정,14210.0,293770000000.0,0.49579,7.66,6.475624489795918,28661.328385001714,0.774
091700,파트론,KOSDAQ,일반,전자부품 제조업,"카메라모듈, 안테나, 센서류 등",5180.0,259000000000.0,0.49668,6.77,7.335138996138997,10429.250221470564,5.985
044480,빌리언스,KOSDAQ,일반,창작 및 예술관련 서비스업,"콘돔,고무골무,의료용 장갑",3420.0,22743000000.0,0.49679,,-79.82049853801169,6884.196541798346,33.358
252500,세화피앤씨,KOSDAQ,일반,기타 화학제품 제조업,염모제 등,2300.0,19083000000.0,0.49686,,-1.3177591304347824,4629.070563136497,2.174
141000,비아트론,KOSDAQ,일반,특수 목적용 기계 제조업,디스플레이 및 반도체 제조용 장비,9090.0,110122000000.0,0.49702,10.53,4.718682728272828,18289.00245462959,1.1
028670,팬오션,KOSPI,일반,해상 운송업,"해상화물운송(외항,운수보관)",5740.0,3068428000000.0,0.49723,9.07,5.483390069686411,11543.953502403314,2.613
030610,교보증권,KOSPI,일반,금융 지원 서비스업,"유가증권 매매,중개,대리,인수",9960.0,1135071000000.0,0.49823,5.81,8.578960341365462,19990.7673162997,5.522
000430,대원강업,KOSPI,일반,자동차 신품 부품 제조업,차랑용 스프링 및 시트,4885.0,302870000000.0,0.4986,4.23,11.79900921187308,9797.432811873245,2.252
263020,디케이앤디,KOSDAQ,일반,플라스틱제품 제조업,합성피혁 및 부직포,3120.0,43168000000.0,0.49896,3.93,12.681899999999999,6253.006253006253,3.205
036630,세종텔레콤,KOSDAQ,일반,전기 및 통신 공사업,WLL/GPS/위성DMB/VoIP 단말기,7970.0,111580000000.0,0.49914,,-5.47363061480552,15967.464038145612,3.764
159580,제로투세븐,KOSDAQ,일반,생활용품 도매업,유아동복 및 용품,2120.0,42469000000.0,0.49931,9.42,5.299280660377359,4245.859285814424,2.358
189690,포시에스,KOSDAQ,일반,소프트웨어 개발 및 공급업,기업용 리포팅 소프트웨어 솔루션(OZ-Report 등),1542.0,42130000000.0,0.4997,5.69,8.782016861219196,3085.8515109065443,7.458
289220,자이언트스텝,KOSDAQ,일반,"영화, 비디오물, 방송프로그램 제작 및 배급업","광고VFX, 영상VFX 및 리얼타임 콘텐츠 제작",984.0,21955000000.0,0.50001,,-30.28515853658536,1967.9606407871845,
009290,광동제약,KOSPI,일반,의약품 제조업,"의약품,식음료 제조,도매",6370.0,317224000000.0,0.50075,14.95,3.3488147566719,12720.918622066898,1.57
458650,성우,KOSDAQ,일반,일차전지 및 이차전지 제조업,"이차전지 부품(2170 Topcap Ass'y, S4623 등), 자동차 전장부품(Motor Housing, EV Relay 등)",7590.0,114196000000.0,0.50245,13.75,3.6541818181818178,15105.98069459648,3.953
012610,경인양행,KOSPI,일반,기초 화학물질 제조업,"반응성염료,직접염료,산성염료,삼원색원료 제조,수출입",3185.0,132548000000.0,0.5025,6.58,7.6361067503924644,6338.308457711443,1.57
035600,KG이니시스,KOSDAQ,일반,소프트웨어 개발 및 공급업,전자지불서비스,9970.0,274717000000.0,0.50294,5.42,9.286986359077233,19823.43818348113,6.018
126560,현대퓨처넷,KOSPI,일반,전기 통신업,"디지털 사이니지, 기업 메시징 등",3350.0,365823000000.0,0.50312,40.36,1.2465361194029851,6658.451264111942,4.478
060260,뉴보텍,KOSDAQ,일반,플라스틱제품 제조업,"고강성 PVC DC, HDPE 등",934.0,12461000000.0,0.50341,5.37,9.378301927194862,1855.3465366202497,1.071
023910,대한약품,KOSDAQ,일반,의약품 제조업,수액제,26400.0,158400000000.0,0.50389,5.75,8.756997424242423,52392.38722737106,3.788
359090,씨엔알리서치,KOSDAQ,일반,"그외 기타 전문, 과학 및 기술 서비스업",금융 지원 서비스,2185.0,25114000000.0,0.50445,15.07,3.347608695652174,4331.450094161959,2.288
073540,에프알텍,KOSDAQ,일반,통신 및 방송 장비 제조업,이동통신용중계기,2680.0,30552000000.0,0.50454,,-1.1295671641791045,5311.769136242914,2.799
318000,KBG,KOSDAQ,일반,합성고무 및 플라스틱 물질 제조업,"실리콘 소재(실란 모노머, 실리콘 레진&폴리머, 실리콘 융합소재)",2720.0,23773000000.0,0.50557,14.95,3.382858088235294,5380.066064046522,2.206
060570,드림어스컴퍼니,KOSDAQ,일반,영상·오디오물 제공 서비스업,온라인 음악 서비스,4990.0,73953000000.0,0.50562,95.96,0.5268985971943887,9869.071634824573,37.532
280360,롯데웰푸드,KOSPI,일반,기타 식품 제조업,"껌,캔디,초코,비스켓,빙과",127400.0,1172662000000.0,0.50563,13.83,3.657284497645212,251962.89777109743,2.59
004830,덕성,KOSPI,일반,플라스틱제품 제조업,"플라스틱레쟈,합성수지,합성피혁 제조,도매",3300.0,51744000000.0,0.50567,15.57,3.2485466666666665,6525.995214270177,3.485
040300,YTN,KOSDAQ,일반,"영화, 비디오물, 방송프로그램 제작 및 배급업",광고/협찬 및 프로그램 제작,2390.0,113947000000.0,0.50577,,-3.787984518828452,4725.468098147378,2.51
001120,LX인터내셔널,KOSPI,일반,상품 중개업,"전자,기계,화공,유류.금속,의류 수출입,도소매",42350.0,1641486000000.0,0.5058,13.71,3.6881001180637543,83728.74654013444,4.723
039290,인포뱅크,KOSDAQ,일반,기타 정보 서비스업,"모바일메시징서비스,휴대폰단말기용S/W개발용역",4010.0,34862000000.0,0.50607,,-1.1484381546134663,7923.805007212441,0.249
066910,손오공,KOSDAQ,일반,기타 전문 도매업,"완구, 게임, 캐릭터수입수수료",1812.0,27880000000.0,0.50645,4.56,11.096062362030905,3577.8457893178006,19.255
001270,부국증권,KOSPI,일반,금융 지원 서비스업,"유가증권 매매,위탁매매,인수,주선",50900.0,527827000000.0,0.50686,14.56,3.4803058939096263,100422.20731562957,4.715
005250,녹십자홀딩스,KOSPI,일반,회사 본부 및 경영 컨설팅 서비스업,"알부민,유로키나제,간염백신,유행성출혈열백신 제조",9600.0,451470000000.0,0.50705,,-13.019565104166666,18933.044078493243,3.125
003310,대주산업,KOSDAQ,일반,동물용 사료 및 조제식품 제조업,배합사료,1653.0,58503000000.0,0.50994,9.13,5.58373502722323,3241.5578303329808,2.238
046310,백금T&A,KOSDAQ,일반,통신 및 방송 장비 제조업,레이더디텍터,2320.0,38091000000.0,0.5105,13.41,3.8067456896551723,4544.564152791381,4.31
035000,HS애드,KOSPI,일반,광고업,광고,6320.0,102432000000.0,0.51057,5.58,9.145019620253164,12378.322267269914,8.703
352940,인바이오,KOSDAQ,일반,"비료, 농약 및 살균, 살충제 제조업","살균제, 살충제, 제초제 등",2090.0,22713000000.0,0.51138,39.43,1.2968009569377987,4086.980327740624,
013810,스페코,KOSDAQ,일반,특수 목적용 기계 제조업,아스팔트믹싱플랜트,1565.0,22935000000.0,0.51167,35.57,1.4385610223642173,3058.6119960130554,3.195
027580,상보,KOSDAQ,일반,플라스틱제품 제조업,"광학필름,윈도우필름,미디어필름",1849.0,21885000000.0,0.51203,,-32.953796646836125,3611.1165361404605,22.883
250930,예선테크,KOSDAQ,일반,플라스틱제품 제조업,기업인수합병,1160.0,7656000000.0,0.51211,2.91,17.57067068965517,2265.138349182793,12.931
005670,푸드웰,KOSDAQ,일반,"과실, 채소 가공 및 저장 처리업","깐밤, 통조림류, 딸기시럽류, 음료제품 등",6190.0,61900000000.0,0.51236,4.62,11.083199353796447,12081.3490514482,2.585
019570,GMI벤처,KOSDAQ,일반,신탁업 및 집합투자업,금융투자,2740.0,26153000000.0,0.5124,,-0.7667299270072991,5347.3848555815775,1179.39
053060,세동,KOSDAQ,일반,자동차 신품 부품 제조업,"도어벨트, 몰딩",1245.0,21983000000.0,0.51252,4.16,12.308713253012048,2429.173495668462,1.142
000700,유수홀딩스,KOSPI,일반,회사 본부 및 경영 컨설팅 서비스업,지주사업,6620.0,172396000000.0,0.51266,11.18,4.584512386706948,12913.041782077791,5.287
019550,SBI인베스트먼트,KOSDAQ,일반,신탁업 및 집합투자업,벤처캐피탈,979.0,78871000000.0,0.51308,5.35,9.590770173646579,1908.0845092383254,19.249
086960,MDS테크,KOSDAQ,일반,소프트웨어 개발 및 공급업,"임베디드개발솔루션,임베디드소프트웨어",1966.0,83611000000.0,0.51322,3.92,13.1046002034588,3830.7158723354505,3.179
015020,이스타코,KOSPI,일반,부동산 임대 및 공급업,부동산 분양/입시학원 운영,928.0,19883000000.0,0.51354,,-9.462859913793103,1807.064688242396,5.388
088130,동아엘텍,KOSDAQ,일반,특수 목적용 기계 제조업,LCD검사장비,5840.0,102114000000.0,0.51402,4.62,11.116562671232879,11361.425625462043,2.568
007310,오뚜기,KOSPI,일반,기타 식품 제조업,"라면,마요네즈,카레,스프,당면,소오스,토마토케첩,마가린,냉동생지(바게트,크로와상),참치캔,식초,3분짜장 제조",319000.0,1278497000000.0,0.51418,17.51,2.9361451034482755,620405.3055350267,2.821
108320,LX세미콘,KOSPI,일반,반도체 제조업,Display Driver IC,35800.0,582261000000.0,0.51441,10.03,5.129731005586592,69594.29249042593,4.19
009180,한솔로지스틱스,KOSPI,일반,기타 운송관련 서비스업,"지류펄프 보관창고 운영/화물취급,화물운송알선,물류컨설팅/종합쇼핑몰운영,통신판매,인터넷백화점",2760.0,77710000000.0,0.51518,6.62,7.783697826086956,5357.350828836524,7.246
025440,DH오토웨어,KOSDAQ,건설/인프라 피어,영상 및 음향기기 제조업,"카 인포테인먼트용 영상·음향기기, 차체 자동화설비 및 조립용 지그 제조",3300.0,32195000000.0,0.51626,,-27.909328484848483,6392.127997520629,126.032
353190,휴럼,KOSDAQ,일반,기타 식품 제조업,금융지원 서비스,2570.0,20240000000.0,0.51814,,-1.3709540856031128,4960.049407496043,15.564
197140,디지캡,KOSDAQ,일반,소프트웨어 개발 및 공급업,"보호솔루션, 방송서비스솔루션 등",2425.0,31556000000.0,0.51885,,-0.748855670103093,4673.797822106581,1.237
036190,금화피에스시,KOSDAQ,건설/인프라 피어,전기 및 통신 공사업,"설비,철물,전기,강구조물",34350.0,206100000000.0,0.51891,6.88,7.54723248908297,66196.4502514887,4.658
067010,이씨에스,KOSDAQ,일반,"컴퓨터 프로그래밍, 시스템 통합 및 관리업","컨택센터용교환시스템,업무용교환시스템",2505.0,27275000000.0,0.51893,9.75,5.32395249500998,4827.240668298229,3.992
018700,졸스,KOSDAQ,일반,생활용품 도매업,지제품,1302.0,21772000000.0,0.51966,,-4.3105437788018435,2505.484355155294,
365900,브이씨,KOSDAQ,일반,운동 및 경기용구 제조업,골프용 거리측정기,2665.0,19481000000.0,0.52012,,-2.302970356472796,5123.817580558332,
145720,덴티움,KOSPI,일반,의료용 기기 제조업,치과용 기기 제조업,37950.0,327276000000.0,0.52063,12.92,4.030595362318841,72892.45721529685,1.581
027050,코리아나,KOSDAQ,일반,기타 화학제품 제조업,화장품,1372.0,54880000000.0,0.52089,,-8.504326530612245,2633.9534258672657,3.644
122310,제노레이,KOSDAQ,일반,의료용 기기 제조업,의료용 방사선 진단기기,3315.0,48245000000.0,0.52214,18.52,2.819398491704374,6348.87195005171,4.525
024950,삼천리자전거,KOSDAQ,일반,생활용품 도매업,자전거,4435.0,54994000000.0,0.52235,10.27,5.088054114994362,8490.47573466067,2.255
054670,대한뉴팜,KOSDAQ,일반,의약품 제조업,"동물약품,인체약품",5560.0,79813000000.0,0.52487,3.34,15.73665989208633,10593.099243622231,1.799
000640,동아쏘시오홀딩스,KOSPI,일반,기타 금융업,"의약품(피로회복제/박카스,병원용의약품),비의약품(의료기기,염모제,가글제) 제조,도소매/화장품 생산",93500.0,629491000000.0,0.52497,7.38,7.109272877005349,178105.41554755508,1.765
246690,TS인베스트먼트,KOSDAQ,일반,신탁업 및 집합투자업,투자조합 결성 및 투자,2205.0,52430000000.0,0.52546,5.82,9.031716099773242,4196.323221558254,1.361
126720,수산인더스트리,KOSPI,건설/인프라 피어,전기 및 통신 공사업,전력발전설비 정비 용역,21850.0,312149000000.0,0.52551,4.14,12.69641780320366,41578.65692375026,4.119
047310,파워로직스,KOSDAQ,일반,"전동기, 발전기 및 전기 변환 · 공급 · 제어 장치 제조업","2차전지 보호회로 및 배터리팩, 카메라모듈",3125.0,114408000000.0,0.52554,13.47,3.9016089600000003,5946.264794306808,1.6
196450,코아시아씨엠,KOSDAQ,일반,사진장비 및 광학기기 제조업,휴대폰용카메라렌즈모듈제조,3895.0,35304000000.0,0.52569,14.81,3.5495884467265726,7409.309669196675,
188040,바이오포트,KOSDAQ,일반,기타 식품 제조업,"후라이드오징어튀김, 유자생강차 등 스낵 및 음료",5000.0,23396000000.0,0.52656,7.76,6.7820928,9495.594044363415,
136410,아셈스,KOSDAQ,일반,플라스틱제품 제조업,핫멜트 접착 필름,3620.0,39889000000.0,0.52672,6.14,8.584662983425414,6872.721749696234,3.591
176590,코나솔,KONEX,일반,기타 금속 가공제품 제조업,"합금강, 기계부품 제조",2395.0,13978000000.0,0.52731,,,4541.920312529632,1.461
099390,브레인즈컴퍼니,KOSDAQ,건설/인프라 피어,소프트웨어 개발 및 공급업,IT 인프라 통합관리 솔루션,3755.0,30822000000.0,0.52855,4.5,11.739299600532622,7104.342067921673,4.527
023900,풍국주정,KOSDAQ,일반,알코올음료 제조업,발효주정,7270.0,91602000000.0,0.52935,8.71,6.079879642365888,13733.824501747426,2.751
032960,동일기연,KOSDAQ,일반,전자부품 제조업,EMI,2150.0,37824000000.0,0.52941,3.92,13.518422790697675,4061.1246481932712,4.651
251630,브이원텍,KOSDAQ,일반,특수 목적용 기계 제조업,"LCD/OLED 압흔검사기, 2차전지 검사장비",3425.0,54604000000.0,0.52949,,-7.219615474452555,6468.4885455815975,2.92
022220,티케이지애강,KOSDAQ,일반,플라스틱제품 제조업,"PB/CPVC 파이프, 연결구",822.0,42575000000.0,0.52991,,-16.24541605839416,1551.2068087033647,3.041
215480,토박스코리아,KOSDAQ,일반,"섬유, 의복, 신발 및 가죽제품 소매업",유아동 신발,1989.0,21361000000.0,0.53004,663.0,0.07994570135746605,3752.5469775865977,
025860,남해화학,KOSPI,일반,"비료, 농약 및 살균, 살충제 제조업","비료(요소,복합비료),공업제품원료 제조,도매",6200.0,308008000000.0,0.53053,26.16,2.027993709677419,11686.426780766405,1.452
029780,삼성카드,KOSPI,일반,기타 금융업,"신용카드업,상품신용판매,현금서비스,카드론,리스,기업대출,여행업무,통신판매",44000.0,5097791000000.0,0.53148,8.21,6.471976909090908,82787.68721306541,6.364
170900,동아에스티,KOSPI,일반,의약품 제조업,"스티렌, 자이데나",35750.0,347771000000.0,0.53258,40.26,1.322884027972028,67126.06556761425,1.866
003090,대웅,KOSPI,일반,의약품 제조업,"지주회사/의약품,화공약품,농예약품,위생용품,의료용구,식품,전기전자기구,부품 제조,판매",15830.0,920387000000.0,0.53314,5.13,10.39336727732154,29692.013354841132,1.263
348030,모비릭스,KOSDAQ,일반,소프트웨어 개발 및 공급업,모바일 게임 개발 및 퍼블리싱,2805.0,26938000000.0,0.53419,,-4.551565418894831,5250.94067653831,
051380,피씨디렉트,KOSDAQ,일반,기계장비 및 관련 물품 도매업,"스토리지(HDD), 프로세서(CPU), Memory, Monitor등",1552.0,23807000000.0,0.53484,5.86,9.132255154639173,2901.802408196844,4.51
058630,엠게임,KOSDAQ,일반,소프트웨어 개발 및 공급업,"온라인 게임 개발 및 퍼블리싱(열혈강호온라인,홀릭2,영웅)",3880.0,72837000000.0,0.53506,5.39,9.928948453608246,7251.523193660524,5.722
161390,한국타이어앤테크놀로지,KOSPI,일반,고무제품 제조업,타이어 제조,60800.0,7531604000000.0,0.53556,6.21,8.625334736842106,113526.02882963626,3.783
024900,디와이덕양,KOSPI,일반,자동차 신품 부품 제조업,"자동차부품(CRASH PAD,TRIM PANEL) 제조,판매",1988.0,64739000000.0,0.53588,24.85,2.1564587525150904,3709.785772934239,3.018
001460,BYC,KOSPI,일반,봉제의복 제조업,"메리야스,란제리 제조,도매/건축공사/부동산 임대,분양,공급",36450.0,227672000000.0,0.53657,13.49,3.977536735253772,67931.49076541737,1.097
117580,대성에너지,KOSPI,일반,연료용 가스 제조 및 배관공급업,천연가스,7080.0,194700000000.0,0.53667,6.67,8.05005,13192.464643076752,3.531
073190,듀오백,KOSDAQ,일반,가구 제조업,사무용 및 가정용 의자,1622.0,19412000000.0,0.53715,,-11.193384710234279,3019.640696267337,4.624
357230,에이치피오,KOSDAQ,일반,기타 식품 제조업,"건강기능식품(유산균, 비타민 등)",2160.0,89193000000.0,0.53786,9.95,5.403500925925926,4015.9149220986874,3.241
065770,CS,KOSDAQ,일반,통신 및 방송 장비 제조업,"이동통신중계기, 위성방송(DMB)중계기(Gap-Filler)",958.0,10073000000.0,0.53886,,-3.206160751565762,1777.8272649667817,18.789
005160,동국산업,KOSDAQ,일반,1차 철강 제조업,"철강무역,강판제품제조",3500.0,189855000000.0,0.5389,,-5.943297142857143,6494.711449248469,4.143
238090,앤디포스,KOSDAQ,일반,플라스틱제품 제조업,"TSP용 양면 테이프, 윈도우 필름",1914.0,58358000000.0,0.53998,14.72,3.6675757575757575,3544.5757250268525,3.347
000390,SP삼화,KOSPI,일반,기타 화학제품 제조업,"건축용페인트,공업용페인트,분체도료 등 제조",7080.0,192600000000.0,0.54,14.22,3.798305084745763,13111.11111111111,4.944
001790,대한제당,KOSPI,일반,"곡물가공품, 전분 및 전분제품 제조업","제당,가축용 배합사료,설탕,기능성감미료(자일로올리고당),외식산 제조,도소매/부동산 임대",2865.0,247083000000.0,0.54062,,-16.51108202443281,5299.470977766268,4.188
017550,수산세보틱스,KOSPI,건설/인프라 피어,특수 목적용 기계 제조업,"유압브레이커,트럭크레인,플라즈마 파암장비,특장차,산업기계,건설기계 제조,도매",1830.0,114190000000.0,0.54087,6.16,8.778054098360656,3383.4377946641525,0.546
039340,한국경제TV,KOSDAQ,일반,텔레비전 방송업,"광고수입, 협찬수입",4905.0,107910000000.0,0.54158,19.7,2.7493051987767583,9056.83370877802,3.058
440290,HB인베스트먼트,KOSDAQ,일반,기타 금융업,벤처투자조합 등 조합 결성 및 운영,1745.0,47998000000.0,0.54167,8.51,6.363458452722062,3221.518636808389,6.877
092040,아미코젠,KOSDAQ,일반,기타 식품 제조업,제약용 특수효소 및 효소기반 바이오신소재,895.0,63236000000.0,0.54214,,-19.08090502793296,1650.8650901981039,2.55
241790,티이엠씨씨엔에스,KOSDAQ,일반,특수 목적용 기계 제조업,"반도체 케미칼 및 특수가스, 반도체 장비",6330.0,63316000000.0,0.54239,44.89,1.2081672985781993,11670.569147661276,1.106
037950,엘컴텍,KOSDAQ,일반,전자부품 제조업,"BLU(Back Light Unit), CCM(Compact Camera Module), Display용 EL",2750.0,46446000000.0,0.54357,8.9,6.107750181818181,5059.146016152474,6.364
318020,포인트모바일,KOSDAQ,일반,컴퓨터 및 주변장치 제조업,산업용 PDA,2640.0,32475000000.0,0.5443,2.32,23.462628787878785,4850.266397207422,3.788
001720,신영증권,KOSPI,일반,금융 지원 서비스업,증권업,141900.0,2332836000000.0,0.54534,12.9,4.228210486257929,260204.64297502473,5.285
297570,아틀라스링크,KOSDAQ,일반,통신 및 방송 장비 제조업,안드로이드 OTT 멀티미디어 디바이스,3910.0,27073000000.0,0.54593,3.4,16.056764705882355,7162.090377887274,
263690,디알젬,KOSDAQ,일반,의료용 기기 제조업,"진단용 엑스선 촬영장치 및 부분품, X-ray 제너레이터 외",4905.0,55552000000.0,0.54603,4.52,12.067207339449542,8983.022910829075,3.629
290270,휴네시온,KOSDAQ,일반,소프트웨어 개발 및 공급업,망간자료전송(i-oneNet),2875.0,27622000000.0,0.54617,6.13,8.90969495652174,5263.928813373125,1.739
100590,머큐리,KOSDAQ,일반,통신 및 방송 장비 제조업,"AP 단말기, 광섬유 및 광케이블, 위성통신 전송장비",4945.0,84755000000.0,0.54634,,-3.900061071789687,9051.140315554416,
131030,옵투스제약,KOSDAQ,일반,의약품 제조업,티어린프리점안액,5700.0,100585000000.0,0.5468,7.1,7.703164912280701,10424.286759326995,1.754
267790,배럴,KOSDAQ,일반,봉제의복 제조업,래쉬가드 및 워터스포츠 등,3085.0,23721000000.0,0.54826,3.01,18.21609400324149,5626.892350344728,2.431
063570,NICE인프라,KOSDAQ,일반,기타 사업지원 서비스업,"ATM관리사업,CD-VAN사업",3270.0,111663000000.0,0.54867,10.41,5.268574311926605,5959.866586472744,4.281
001420,태원물산,KOSPI,일반,자동차 신품 부품 제조업,"자동차부품,워터펌프,인산정제석고,건축자재(불연내장재), 제조,수출입",2995.0,22762000000.0,0.54942,,-7.246106844741236,5451.203086891631,6.678
001560,제일연마,KOSPI,건설/인프라 피어,기타 비금속 광물제품 제조업,"연마석,다이아몬드공구 제조,도소매/주택건설",9090.0,69084000000.0,0.55018,12.49,4.406282068206821,16521.865571267586,7.932
028260,삼성물산,KOSPI,건설/인프라 피어,기타 전문 도매업,"도소매, 건설, 남자용 정장 제조업 등",355000.0,57569491000000.0,0.55112,21.49,2.564648563380282,644142.8364058643,0.789
465770,STX그린로지스,KOSPI,일반,해상 운송업,해상운송업 및 물류업,2800.0,20211000000.0,0.55113,,-47.06256535714286,5080.471032242846,
310870,디와이씨,KOSDAQ,일반,자동차 신품 부품 제조업,자동차 부품,1515.0,33212000000.0,0.55292,4.24,13.02920396039604,2739.9985531360776,1.32
109610,에스와이,KOSDAQ,일반,"구조용 금속제품, 탱크 및 증기발생기 제조업",샌드위치 패널,1900.0,92924000000.0,0.55337,,-8.096676842105262,3433.5074181831324,2.632
123410,코리아에프티,KOSDAQ,일반,자동차 신품 부품 제조업,"캐니스터,플라스틱필러넥,의장부품",5790.0,161199000000.0,0.55418,3.86,14.366566148531954,10447.868923454473,3.454
137950,제이씨케미칼,KOSDAQ,일반,기타 화학제품 제조업,"바이오디젤, 바이오중유 등",3705.0,82502000000.0,0.55483,11.72,4.732153306342781,6677.721103761512,1.35
377190,디앤디플랫폼리츠,KOSPI,일반,부동산 임대 및 공급업,부동산 투자 및 관리,2375.0,209950000000.0,0.55523,23.06,2.407944842105263,4277.506618878663,10.105
120240,대정화금,KOSDAQ,일반,기초 화학물질 제조업,"시약, 원료의약품",14520.0,104404000000.0,0.55535,6.13,9.064597107438017,26145.673899342757,3.271
003550,LG,KOSPI,일반,기타 금융업,지주회사,112600.0,17024219000000.0,0.55548,23.39,2.3743563410301953,202707.5682292792,2.753
009830,한화솔루션,KOSPI,일반,기초 화학물질 제조업,"합성수지,유화부문(LDPE,LLDPE)제품 제조,플라스틱가공품(PVC),CA,무기화학제품,부동산업",28800.0,6476905000000.0,0.55613,,-1.7012171180555555,51786.45280779673,0.942
303810,동국생명과학,KOSDAQ,일반,의약품 제조업,"조영제 완제 및 원료, 의료기기 유통",2320.0,74203000000.0,0.55676,14.87,3.7437310344827583,4166.966017673683,
049520,유아이엘,KOSDAQ,일반,전자부품 제조업,"스마트폰 기구부품(키버튼,금속부품,부자재,악세서리 등)",3790.0,116893000000.0,0.55695,5.03,11.080218997361476,6804.919651674299,10.554
105760,포스뱅크,KOSDAQ,일반,일반 목적용 기계 제조업,"POS 단말기, KIOSK 단말기",5070.0,51667000000.0,0.55712,4.42,12.5928899408284,9100.373348650202,
035200,프럼파스트,KOSDAQ,건설/인프라 피어,플라스틱제품 제조업,주택건설용 플라스틱 배관,2770.0,25539000000.0,0.55743,51.3,1.086686642599278,4969.233805141453,2.888
046390,삼화네트웍스,KOSDAQ,일반,"영화, 비디오물, 방송프로그램 제작 및 배급업",영상 콘텐츠,2025.0,34970000000.0,0.55763,,-1.5145506172839505,3631.4402022846693,527.426
053050,지에스이,KOSDAQ,일반,연료용 가스 제조 및 배관공급업,도시가스,1891.0,56706000000.0,0.5604,14.33,3.9118350079323108,3374.3754461099215,2.115
103840,우양,KOSDAQ,일반,"과실, 채소 가공 및 저장 처리업","HMR, 음료 베이스, 퓨레 등",1584.0,25924000000.0,0.56076,28.29,1.9824848484848487,2824.7378557671727,0.524
119500,포메탈,KOSDAQ,일반,기타 금속 가공제품 제조업,"자동차,풍력,방위산업,산업기계,농기계등의 단조부품",2455.0,29084000000.0,0.56118,16.05,3.4973743380855398,4374.710431590577,2.444
002600,조흥,KOSPI,일반,기타 식품 제조업,"휘핑크림,인스턴트이스트,프루츠칵테일,크림치즈,견과류,건조과일 제조,판매/주택 신축,판매",139600.0,83760000000.0,0.56136,38.14,1.471760458452722,248681.7728373949,4.298
100660,서암기계공업,KOSDAQ,일반,일반 목적용 기계 제조업,"공작기계부품(정밀기어,척),산업기계 제조부동산 임대",3070.0,38682000000.0,0.56213,17.06,3.2958762214983715,5461.370145695835,0.326
118990,모트렉스,KOSDAQ,일반,자동차 신품 부품 제조업,차량용 인포테인먼트,6730.0,165136000000.0,0.56222,9.49,5.922941753343239,11970.403045071324,2.407
014530,극동유화,KOSPI,건설/인프라 피어,석유 정제품 제조업,"윤활유,유동파라핀,왁스,방수용시트,아스팔트 제조/수입자동차,부품 도매/가스충전,산업설비 청소",3380.0,117858000000.0,0.56254,10.53,5.3424656804733734,6008.461620506986,5.917
419120,산돌,KOSDAQ,일반,소프트웨어 개발 및 공급업,리테일 폰트 등,2290.0,32570000000.0,0.56303,14.87,3.7863152838427947,4067.2788306129332,4.367
271830,팸텍,KOSDAQ,일반,특수 목적용 기계 제조업,"카메라모듈 검사장비, 반도체 검사장비",1096.0,32321000000.0,0.56328,,-10.330226277372264,1945.746342849027,2.737
126700,하이비젼시스템,KOSDAQ,일반,사진장비 및 광학기기 제조업,카메라모듈 제조검사용 장비,10710.0,160030000000.0,0.56333,,-5.149393744164332,19011.946816253352,0.747
002290,삼일기업공사,KOSDAQ,건설/인프라 피어,건물 건설업,도급공사,3295.0,40858000000.0,0.56423,6.88,8.202311684370258,5839.817095865162,6.829
002100,경농,KOSPI,일반,"비료, 농약 및 살균, 살충제 제조업","완제농약(잡초약,살충제,살균제) 제조",9000.0,175703000000.0,0.56424,11.67,4.833656,15950.659293917483,7.778
407400,꿈비,KOSDAQ,일반,가구 제조업,"놀이방매트, 유아거실가구 등",1995.0,29195000000.0,0.56437,,-9.052551378446116,3534.915038006981,0.704
466410,사이냅소프트,KOSDAQ,일반,소프트웨어 개발 및 공급업,"웹 기반 문서뷰어, 문서필터, 웹 에디터 등",8530.0,42965000000.0,0.56513,7.6,7.440105392731536,15093.872206394988,1.257
456040,OCI,KOSPI,일반,기초 화학물질 제조업,"폴리실리콘,타르제품,카본블랙,무수프탈산,농약원제,석탄화학제품,정밀화학제품,플라스틱창호재 제조,판매",75200.0,673227000000.0,0.56582,77.85,0.7268379255319148,132904.45724788803,2.926
078140,대봉엘에스,KOSDAQ,일반,의약품 제조업,"원료의약품,화장품원료",7510.0,83260000000.0,0.56607,61.06,0.9271186418109187,13266.91045277086,0.666
018470,조일알미늄,KOSPI,일반,1차 비철금속 제조업,"알루미늄판 제조,도매",5090.0,128911000000.0,0.56671,7.12,7.9606611001964644,8981.666107885867,1.396
033230,인성정보,KOSDAQ,일반,"컴퓨터 프로그래밍, 시스템 통합 및 관리업",넷트워크 관련 장비 및 솔루션,1019.0,51475000000.0,0.5671,9.89,5.732217860647694,1796.8612237700581,
403490,우듬지팜,KOSDAQ,일반,"과실, 채소 가공 및 저장 처리업","스테비아 토마토, 대추방울 토마토, 완숙 토마토 등",2260.0,20761000000.0,0.56763,,-19.967515486725663,3981.466800556701,
018680,서울제약,KOSDAQ,일반,의약품 제조업,"정제,연질캅셀제,경질캅셀제,연고 및 크림제 등",1973.0,23003000000.0,0.56772,13.24,4.287393816523061,3475.3047276826605,0.76
071670,에이테크솔루션,KOSDAQ,일반,특수 목적용 기계 제조업,"대형정밀금형(가전,자동차용 등)",5020.0,50200000000.0,0.56935,,-1.383679282868526,8817.072099762887,1.992
001260,남광토건,KOSPI,건설/인프라 피어,토목 건설업,"토목공사,건축공사,기전공사,측량설계시공,용역/철구조물 제조",7640.0,75120000000.0,0.56997,13.92,4.095726832460732,13404.214256890715,916169.0
008370,원풍,KOSDAQ,일반,플라스틱제품 제조업,플라스틱 필름,5295.0,63540000000.0,0.57006,6.74,8.46208045325779,9288.495947794969,8.499
033270,유나이티드제약,KOSPI,일반,의약품 제조업,"홈타민 진생연질60C(비타민제),항암제,항생제,순환기계,해열진통제,소화기계약품 제조",18060.0,287348000000.0,0.57111,3.84,14.86593637873754,31622.629616010927,3.378
018670,SK가스,KOSPI,일반,기타 전문 도매업,"액화석유가스,가스기기 판매,수입,저장",242500.0,2247791000000.0,0.57145,7.27,7.856789463917526,424359.08653425495,3.711
005430,한국공항,KOSPI,일반,기타 운송관련 서비스업,"항공기 지상조업,항공화물 상하역,장비대여,항공용역사업,항공기급유,항공화물 취급,보관,부정기헬기운송,여행알선,광업,먹는샘물 제조,농축산업",80500.0,254891000000.0,0.57202,5.56,10.294228248447205,140729.34512779274,1.242
034310,NICE,KOSPI,일반,회사 본부 및 경영 컨설팅 서비스업,"기업신용분석,유가증권등급평정,기업정보,긍융정보,경제정보,소비자신용정보 제공,시장조사,사회여론조사,점외 CD/ATM사업",12060.0,443291000000.0,0.57281,21.61,2.650314925373135,21054.101709118204,4.643
002900,TYM,KOSPI,일반,특수 목적용 기계 제조업,"농기계,연초용필터,금속제양식기,철강압연 제조,도매,수출입/신문서적 수출입,판매",6730.0,278622000000.0,0.57341,3.89,14.722919465081722,11736.8026368567,4.309
001800,오리온홀딩스,KOSPI,일반,기타 금융업,자회사 관리 지주사업 등,24400.0,1467822000000.0,0.57368,10.88,5.273623934426229,42532.42225631014,4.508
004170,신세계,KOSPI,일반,종합 소매업,"백화점,할인점(E마트)",365000.0,3447491000000.0,0.57371,20.72,2.7687401780821923,636209.9318471004,1.425
340440,세림B&G,KOSDAQ,일반,플라스틱제품 제조업,기업인수,756.0,21454000000.0,0.57417,7.96,7.215099206349206,1316.6832122890435,6.614
093190,빅솔론,KOSDAQ,일반,컴퓨터 및 주변장치 제조업,"POS용프린터,프린팅메카니즘",8190.0,157566000000.0,0.5742,5.55,10.341208791208793,14263.322884012538,3.968
263700,케어랩스,KOSDAQ,일반,광고업,"헬스케어 미디어플랫폼, 헬스케어 디지털마케팅, 헬스케어 솔루션",1980.0,38440000000.0,0.57489,,-10.91710303030303,3444.1371392788183,
183490,엔지켐생명과학,KOSDAQ,일반,기초 의약물질 제조업,"EC-18(신약), 원료의약품",990.0,83793000000.0,0.57563,,-12.326622222222221,1719.8547678196064,
221840,하이즈항공,KOSDAQ,일반,"항공기,우주선 및 부품 제조업",B787 날개구조물 등,2050.0,38336000000.0,0.57588,9.81,5.871166829268292,3559.7693964020286,2.976
105740,디케이락,KOSDAQ,일반,일반 목적용 기계 제조업,계장용 피팅 및 밸브,7870.0,80026000000.0,0.57651,5.3,10.885563659466326,13651.107526322181,3.812
006220,제주은행,KOSPI,일반,은행 및 저축기관,"은행업무,외국환업무,신탁업무",9730.0,367779000000.0,0.57673,24.76,2.329443884892086,16870.97948780192,1.028
200350,아티스트스튜디오,KOSDAQ,일반,"영화, 비디오물, 방송프로그램 제작 및 배급업",드라마 제작,2500.0,24990000000.0,0.57702,,-9.993986399999999,4332.60545561679,
011090,에넥스,KOSPI,일반,가구 제조업,"씽크상판,주방기기,목재케비넷,유해가스저감장치시설 제조,판매",1690.0,20038000000.0,0.57713,,-30.563985207100597,2928.283055810649,2.959
049480,오픈베이스,KOSDAQ,일반,"컴퓨터 프로그래밍, 시스템 통합 및 관리업","트래픽솔루션(웹스위치,트래픽서버)",1978.0,62153000000.0,0.57731,5.43,10.623904954499496,3426.235471410507,1.264
010280,아이티센엔텍,KOSDAQ,일반,"컴퓨터 프로그래밍, 시스템 통합 및 관리업","클라우드,시스템통합(SI),네트워크 설계 및 구축,시스템운영(SM)",5140.0,66947000000.0,0.57769,1.58,36.650721595330744,8897.505582578891,8.359
334890,이지스밸류플러스리츠,KOSPI,일반,부동산 임대 및 공급업,"부동산투자, 취득, 매매, 임대",3570.0,247931000000.0,0.57776,9.39,6.149826330532214,6179.036278039323,9.232
038530,케이바이오랩스,KOSDAQ,일반,,,999.0,25864000000.0,0.57798,,-37.20131531531532,1728.4335098100278,
267850,아시아나IDT,KOSPI,일반,"컴퓨터 프로그래밍, 시스템 통합 및 관리업","IT 서비스, IT 솔루션",9110.0,101121000000.0,0.5784,7.22,8.012522502744238,15750.345781466112,5.488
018620,우진비앤지,KOSDAQ,일반,의약품 제조업,"슈퍼티아, 안티펜SM",2690.0,18649000000.0,0.57982,,-7.759672862453532,4639.370839225967,2.011
001740,SK네트웍스,KOSPI,일반,기타 전문 도매업,"정보통신 유통, 자동차 관리, 글로벌 트레이딩, 호텔&리조트",6330.0,1269759000000.0,0.58043,11.51,5.043230647709321,10905.707837293041,3.949
208140,정다운,KOSDAQ,일반,"도축, 육류 가공 및 저장 처리업","통오리,정육,오리털,훈연육",2270.0,74193000000.0,0.58154,10.91,5.32864845814978,3903.4288269078656,8.811
013000,세우글로벌,KOSPI,건설/인프라 피어,기타 전문 도매업,"화공약품.엔지니어링 플라스틱,페놀계제품,석유화학제품 판매/철재가구,사무목재가구 제조/교육사업",1167.0,33498000000.0,0.58194,6.14,9.474601542416453,2005.361377461594,2.571
200130,콜마비앤에이치,KOSDAQ GLOBAL,일반,기초 의약물질 제조업,건강기능식품,7750.0,223010000000.0,0.58217,,-0.3981291612903225,13312.262741123728,0.968
007570,일양약품,KOSPI,일반,의약품 제조업,"일반의약품(원비디,영비천,아진탈,디세텔,노루모산),항암제(베타-이뮤난),전문의약품 제조,판매,수출입",7870.0,150204000000.0,0.58354,8.89,6.562044472681067,13486.650443842755,1.97
054210,이랜텍,KOSDAQ,일반,전자부품 제조업,Battery Pack,6760.0,170968000000.0,0.58381,3.75,15.562509171597632,11579.109641835528,1.479
131220,대한과학,KOSDAQ,일반,기계장비 및 관련 물품 도매업,"의료, 정밀 및 연구실험기기 제조 및 유통",3570.0,26612000000.0,0.58399,7.45,7.835608123249299,6113.118375314646,3.501
001680,대상,KOSPI,건설/인프라 피어,기타 식품 제조업,"전분,라이신,물엿,과당,포도당,MSG및 사료,조미료,항생제,핵산,커피 제조,도매/토목공사,건축공사",17850.0,618467000000.0,0.58442,,-27.256563025210085,30543.102563225075,4.762
104040,디에스엠,KOSDAQ,일반,자동차 신품 부품 제조업,"자동차부품(시트,도어) 제조",2440.0,65425000000.0,0.5857,33.89,1.7282950819672132,4165.955267201639,4.918
045660,에이텍,KOSDAQ,일반,일반 목적용 기계 제조업,"PC,모니터",8760.0,72357000000.0,0.58654,,-4.800789726027397,14935.04279333038,3.995
094850,참좋은여행,KOSDAQ,일반,여행사 및 기타 여행보조 서비스업,여행상품,4330.0,60620000000.0,0.58723,5.14,11.41911454965358,7373.601484937758,3.464
376180,피코그램,KOSDAQ,일반,그외 기타 제품 제조업,"정수기, 정수기 필터",1334.0,24760000000.0,0.58744,5.77,10.17231184407796,2270.8702165327522,7.496
063160,종근당바이오,KOSPI,일반,의약품 제조업,"의약품,원료의약품 제조",12680.0,69561000000.0,0.58773,,-9.075515299684543,21574.532523437632,0.789
002230,피에스텍,KOSDAQ,일반,"측정, 시험, 항해, 제어 및 기타 정밀기기 제조업; 광학기기 제외","적산계기, 전기차충전기, 신재생에너지 발전소 설치",5130.0,94500000000.0,0.58815,4.84,12.141342105263158,8722.264728385617,4.873
031210,서울보증보험,KOSPI,일반,보험업,"보증보험, 신용보험 등",41350.0,2887123000000.0,0.58941,9.4,6.268984715840387,70154.90066337524,6.929
051360,토비스,KOSDAQ,일반,영상 및 음향기기 제조업,Gaming모니터,11900.0,114735000000.0,0.58943,3.47,16.979546554621848,20188.99614882174,2.941
048870,시너지이노베이션,KOSDAQ,일반,의료용 기기 제조업,카메라 어플리케이션 프로세서(CAP),1503.0,132424000000.0,0.58995,13.18,4.474670658682635,2547.673531655225,29.267
222980,한국맥널티,KOSDAQ,일반,기타 식품 제조업,커피 및 의약품,2190.0,24158000000.0,0.59018,,-1.0240566210045663,3710.7323189535396,1.37
095910,에스에너지,KOSDAQ,일반,"전동기, 발전기 및 전기 변환 · 공급 · 제어 장치 제조업","태양광발전시스템,태양전지모듈",588.0,21424000000.0,0.59046,,-72.30122448979593,995.8337567320394,7.131
0117P0,피스피스스튜디오,KOSDAQ,일반,"섬유, 의복, 신발 및 가죽제품 소매업","의류, 모자, 신발, 액세서리, 기타, 여자용 겉옷",5610.0,79487000000.0,0.59144,5.91,10.004929768270944,9485.323955092656,
051910,LG화학,KOSPI,일반,기초 화학물질 제조업,"유화/기능/합성수지,재생섬유소,산업재,리튬이온전지,평광판,PVC 제조,도매",268500.0,18954044000000.0,0.59209,,-4.260181270018622,453478.3563309632,0.745
009780,엠에스씨,KOSDAQ,일반,기타 식품 제조업,식품첨가물,6800.0,119680000000.0,0.59235,4.46,13.275608823529414,11479.699501983623,1.912
069140,누리플랜,KOSDAQ,일반,"구조용 금속제품, 탱크 및 증기발생기 제조업","경관조명, 경관시설",1733.0,26161000000.0,0.59302,45.61,1.300332371609925,2922.3297696536374,3.414
078150,HB테크놀러지,KOSDAQ,일반,특수 목적용 기계 제조업,TFT-LCD검사장비,2060.0,195538000000.0,0.59324,3.88,15.291768932038835,3472.4563414469694,0.971
192250,케이사인,KOSDAQ,일반,소프트웨어 개발 및 공급업,nan,7900.0,55830000000.0,0.59454,10.48,5.674470379746835,13287.58367813772,2.532
067280,멀티캠퍼스,KOSDAQ,일반,기타 교육기관,성인/기업전문 교육서비스,22950.0,136019000000.0,0.59474,5.93,10.023766100217866,38588.29068164239,5.882
078000,텔코웨어,KOSPI,일반,"자료처리, 호스팅, 포털 및 기타 인터넷 정보매개 서비스업","소프트웨어(핵심망솔루션,무선데이터솔루션,요소기술) 개발,유지보수,무역",13480.0,124556000000.0,0.59523,7.81,7.625832418397627,22646.707995228735,4.748
005860,한일사료,KOSDAQ,일반,동물용 사료 및 조제식품 제조업,배합사료,2435.0,95947000000.0,0.59643,17.52,3.404672279260781,4082.6249517965225,3.08
051500,CJ프레시웨이,KOSDAQ,일반,음·식료품 및 담배 도매업,"식자재유통, 단체급식",21900.0,259987000000.0,0.59681,5.38,11.096850776255708,36695.0955915618,2.283
077500,유니퀘스트,KOSPI,일반,기계장비 및 관련 물품 도매업,"반도체직접회로 도매,무역,제조",8260.0,178416000000.0,0.59695,5.9,10.125023607748183,13837.004774269202,2.421
037030,파워넷,KOSDAQ,일반,"전동기, 발전기 및 전기 변환 · 공급 · 제어 장치 제조업",전력변환장치,3875.0,98862000000.0,0.59703,8.63,6.917844387096774,6490.461115856825,3.744
001450,현대해상,KOSPI,일반,보험업,손해보험(자동차보험),48750.0,4155852000000.0,0.59711,3.68,16.214445497435896,81643.2483127062,4.232
007070,GS리테일,KOSPI,일반,종합 소매업,"체인화 편의점,슈퍼마켓,마트,전자상거래/부동산(빌딩) 임대",23150.0,1935511000000.0,0.59789,14.93,4.005733866090713,38719.4968974226,2.592
035610,솔본,KOSDAQ,일반,회사 본부 및 경영 컨설팅 서비스업,경영자문 및 지주사업,5290.0,144660000000.0,0.59811,4.15,14.427001134215503,8844.526926485094,0.394
104200,NHN벅스,KOSDAQ,일반,기타 정보 서비스업,"디지털음원유통, 온라인음악서비스",2270.0,33658000000.0,0.59861,,-7.673811013215859,3792.1184076443765,
036640,HRS,KOSDAQ,일반,합성고무 및 플라스틱 물질 제조업,실리콘 컴파운드제품 제조,5040.0,82428000000.0,0.59966,5.02,11.93370992063492,8404.762698862689,5.952
002810,삼영무역,KOSPI,일반,기타 전문 도매업,"화공약품, 안경렌즈",21000.0,387805000000.0,0.59968,5.78,10.374463999999998,35018.67662753469,4.762
090470,제이스로보틱스,KOSDAQ,일반,특수 목적용 기계 제조업,기계장비(디스플레이장비),4215.0,73663000000.0,0.60034,,-19.370400948991694,7021.021421194657,1.186
009970,영원무역홀딩스,KOSPI,일반,기타 금융업,"스포츠의류(등산복,운동복,스키복) 도소매,수출,섬유봉제",167700.0,2172355000000.0,0.6017,5.23,11.512311389385808,278710.32075785275,3.921
069460,대호에이엘,KOSPI,일반,1차 비철금속 제조업,"알루미늄 환절판 제조,도매,무역",2660.0,46322000000.0,0.60186,,-57.900742105263156,4419.632472668062,9.398
043590,웰킵스하이텍,KOSDAQ,일반,반도체 제조업,"DRIVER-IC,DDI Package,트랜스포머,코일",1541.0,20908000000.0,0.60198,,-11.40675924724205,2559.8857104887206,
198940,한주라이트메탈,KOSDAQ,일반,1차 비철금속 제조업,알루미늄 기반 경량화 자동차 부품,1396.0,27794000000.0,0.60329,,-4.105483524355301,2313.978352036334,9.739
009190,대양금속,KOSPI,일반,1차 철강 제조업,스테인레스 냉연강판 제조,1115.0,49044000000.0,0.6044,9.87,6.125309417040359,1844.804765056254,398.783
337930,젝시믹스,KOSDAQ,일반,기타 정보 서비스업,"애슬레저의류, 생활/청결 용품",2460.0,73004000000.0,0.60491,6.85,8.82775162601626,4066.7206691904585,8.13
032940,원익,KOSDAQ,일반,기계장비 및 관련 물품 도매업,"Quartz, HIC, 의료기기",9640.0,175382000000.0,0.60505,8.42,7.18653786307054,15932.567556400298,0.442
064960,SNT모티브,KOSPI,일반,자동차 신품 부품 제조업,"자동차부품(서스펜션모듈,전장품,속옵서버,에어백,트로틀바디,너클),방산품(총포) 제조,도매",26175.0,694691000000.0,0.60514,8.38,7.217753887297039,43254.453514889115,6.495
037440,희림,KOSDAQ,건설/인프라 피어,"건축기술, 엔지니어링 및 관련 기술 서비스업",설계 및 감리용역,4210.0,58613000000.0,0.60529,7.72,7.835701900237529,6955.343719539394,2.375
033250,체시스,KOSPI,일반,자동차 신품 부품 제조업,"자동차부품,뒷차축 제조",4640.0,29696000000.0,0.60553,4.44,13.624424999999999,7662.708701468136,1.707
011040,경동제약,KOSDAQ,일반,의약품 제조업,"듀오로반정, 발디핀정, 아트로반정 등",5030.0,154766000000.0,0.60571,8.67,6.9843300198807166,8304.304039887074,5.964
417790,트루엔,KOSDAQ,일반,영상 및 음향기기 제조업,"IP 카메라, 영상스트리밍솔루션, IoT기기 및 서비스",6700.0,70138000000.0,0.6067,6.12,9.906414925373134,11043.349266523817,2.985
368970,오에스피,KOSDAQ,일반,동물용 사료 및 조제식품 제조업,프리미엄 반려동물 사료,2750.0,30909000000.0,0.60695,,-7.217187272727273,4530.850976192438,
101400,엔시트론,KOSDAQ,일반,반도체 제조업,디지털오디오앰프칩,1651.0,19385000000.0,0.60761,,-4.968343428225317,2717.2034693306564,10.902
139990,아주스틸,KOSPI,일반,1차 철강 제조업,"프리미엄 가전용 고품질 컬러강판, 건자재 등",2125.0,82355000000.0,0.60787,,-26.946519529411766,3495.813249543488,
039010,현대에이치티,KOSDAQ,일반,통신 및 방송 장비 제조업,스마트홈 제조,8060.0,69517000000.0,0.60835,95.95,0.6340124069478907,13248.952083504562,5.583
440320,오픈놀,KOSDAQ,일반,소프트웨어 개발 및 공급업,미니인턴플랫폼(커리어 및 채용 플랫폼),2190.0,21856000000.0,0.60937,,-17.418521461187215,3593.8756420565505,
041440,현대에버다임,KOSDAQ,일반,특수 목적용 기계 제조업,"콘크리트펌프트럭, 중장비개량사업",6760.0,120609000000.0,0.61206,12.5,4.898290828402367,11044.668823317974,1.036
336680,탑런토탈솔루션,KOSDAQ,일반,전자부품 제조업,전장디스플레이 및 pOLED 부품,2985.0,116849000000.0,0.61231,49.75,1.2307738693467338,4874.981626953667,2.513
005300,롯데칠성,KOSPI,일반,비알코올음료 및 얼음 제조업,"청량음료,과채류음료,곡류음료,주류 제조,판매/자동차정비,연수원",94700.0,878710000000.0,0.6126,14.56,4.206692502639916,154587.0062030689,3.59
012030,DB,KOSPI,일반,"컴퓨터 프로그래밍, 시스템 통합 및 관리업","컴퓨터 프로그래밍, 시스템 통합 및 관리",1629.0,327712000000.0,0.61349,4.82,12.729258440761203,2655.3000048900553,0.614
007120,미래아이앤지,KOSPI,일반,"컴퓨터 프로그래밍, 시스템 통합 및 관리업","CCTV, DVR제조, 금융솔루션, 방산제품",1061.0,28989000000.0,0.61379,,-6.016414703110273,1728.6042457518045,15.562
086220,광동헬스바이오,KONEX,일반,기타 식품 제조업,건강기능식품,880.0,11165000000.0,0.6138,,,1433.6917562724013,
452260,한화갤러리아,KOSPI,일반,종합 소매업,백화점,2705.0,524390000000.0,0.61417,20.34,3.019763770794824,4404.318022697299,
012690,모나리자,KOSPI,일반,기타 종이 및 판지 제품 제조업,"화장지,미용티슈 제조,도매",1447.0,52918000000.0,0.61437,24.95,2.4625749827228747,2355.258232010027,3.455
053160,프리엠스,KOSDAQ,건설/인프라 피어,"전동기, 발전기 및 전기 변환 · 공급 · 제어 장치 제조업","건설장비용 전장품,제어기",9600.0,57600000000.0,0.61505,,-0.20501666666666668,15608.48711486871,1.354
078890,가온그룹,KOSDAQ,일반,통신 및 방송 장비 제조업,디지털셋톱박스,4600.0,84754000000.0,0.61564,13.49,4.563766086956521,7471.899161847834,1.522
036420,콘텐트리중앙,KOSPI,일반,"영화, 비디오물, 방송프로그램 제작 및 배급업","영화 및 방송프로그램 제작, 유통, 광고",1597.0,30761000000.0,0.6185,,-184.00084533500313,2582.0533548908647,79.836
347740,피엔케이피부임상연구센타,KOSDAQ,일반,"그외 기타 전문, 과학 및 기술 서비스업",피부인체적용시험,1747.0,52428000000.0,0.6194,14.09,4.396428162564395,2820.47142395867,2.862
004920,씨아이테크,KOSPI,일반,영상 및 음향기기 제조업,"컴퓨터 소프트웨어,하드웨어 서버,도매",907.0,47327000000.0,0.62,2.7,22.968026460859978,1462.9032258064517,3.308
179900,유티아이,KOSDAQ,일반,전자부품 제조업,카메라 윈도우,2290.0,49393000000.0,0.62029,,-25.326251091703057,3691.8215673314094,2.183
0156T0,에이치엘지노믹스,KOSDAQ,일반,기초 의약물질 제조업,"원료의약품(피타바스타틴칼슘, 에스암로디핀니코틴산염, 베포타스틴베실산염 등)",8600.0,66926000000.0,0.62117,6.1,10.177075930232556,13844.841186792666,0.465
192400,쿠쿠홀딩스,KOSPI,일반,기타 금융업,주방용 전기기기 제조업,26900.0,956622000000.0,0.62318,5.47,11.402572342007435,43165.69851407298,5.762
066700,테라젠이텍스,KOSDAQ,일반,의약품 제조업,"Loading/Unloading System, PCB Bonding System",2120.0,78763000000.0,0.62362,62.35,1.0001452830188677,3399.5061094897537,4.717
083310,엘오티베큠,KOSDAQ,일반,특수 목적용 기계 제조업,반도체제조용진공펌프,9840.0,175250000000.0,0.62481,134.79,0.463527743902439,15748.787631439958,2.033
058110,멕아이씨에스,KOSDAQ,일반,의료용 기기 제조업,인공호흡기,1532.0,24589000000.0,0.62508,23.21,2.6929033942558744,2450.886286555321,1.958
050960,수산아이앤티,KOSDAQ,일반,소프트웨어 개발 및 공급업,"공유단말접속관리서비스, 보안솔루션 등",8770.0,59206000000.0,0.62658,8.09,7.744728848346637,13996.616553353122,3.535
053350,이니텍,KOSDAQ,일반,소프트웨어 개발 및 공급업,정보보안 및 인증솔루션,4457.0,98147000000.0,0.62709,,-4.4882591429212475,7107.432744901051,0.449
122990,와이솔,KOSDAQ,일반,전자부품 제조업,"SAW Filter, Wafer Chip, Duplexer",6670.0,171072000000.0,0.62728,,-4.326068965517241,10633.210049738555,7.496
067170,오텍,KOSDAQ,일반,자동차 재제조 부품 제조업,"냉동 및 내장탑차, 앰블란스",2375.0,65219000000.0,0.62784,,-20.011573894736838,3782.810907237513,3.711
136540,윈스테크넷,KOSDAQ,일반,"컴퓨터 프로그래밍, 시스템 통합 및 관리업","네크워크보안장비(IPS, 안티 DDoS)",10720.0,131638000000.0,0.62806,7.17,8.764717910447759,17068.43295226571,7.463
003220,대원제약,KOSPI,일반,의약품 제조업,"의약품(해열소염진통제,진해거담제,동맥경화용제,혈압강하제 등), 건강기능식품(프로바이오틱스 등)",7880.0,176729000000.0,0.62936,67.35,0.934455837563452,12520.655904410829,3.173
277880,티에스아이,KOSDAQ,일반,특수 목적용 기계 제조업,"2차전지 장비(믹싱시스템, 믹싱제작품, 믹싱 공사, 코터건조시스템)",3570.0,70840000000.0,0.62944,4.92,12.800376470588237,5671.7081850533805,
286940,롯데이노베이트,KOSPI,일반,"컴퓨터 프로그래밍, 시스템 통합 및 관리업","SM, SI",18230.0,275808000000.0,0.6296,15.95,3.947519473395502,28954.891994917405,3.84
322780,코퍼스코리아,KOSDAQ,일반,"영화, 비디오물, 방송프로그램 제작 및 배급업",콘텐츠 배급 및 제작,1884.0,28277000000.0,0.62969,,-27.306620488322714,2991.948419063349,2.654
012170,아센디오,KOSPI,일반,"영화, 비디오물, 방송프로그램 제작 및 배급업",석탄(점결탄) 판매,3030.0,22109000000.0,0.62975,,-40.29984323432343,4811.43310837634,19040400.0
095500,미래나노텍,KOSDAQ,일반,플라스틱제품 제조업,LCDBLU용광학필름,6690.0,207456000000.0,0.63009,20.58,3.06097533632287,10617.5308289292,1.046
143160,아이디스,KOSDAQ,일반,통신 및 방송 장비 제조업,"영상보안장치(DVR,NVR,IP-Camera 등)",16020.0,171676000000.0,0.63097,8.98,7.0265323345817725,25389.47969000111,2.497
122350,삼기,KOSDAQ,일반,자동차 신품 부품 제조업,자동차부품,1635.0,62684000000.0,0.63247,,-12.6494,2585.102850728098,1.835
182360,큐브엔터,KOSDAQ,일반,오디오물 출판 및 원판 녹음업,"음반음원, 콘서트, 아티스트매니지먼트",6390.0,99329000000.0,0.63328,,-5.698528951486698,10090.323395654372,
108380,대양전기공업,KOSDAQ,일반,선박 및 보트 건조업,"해상용 조명등기구, (함정용)전자시스템, 배전반류 등",19180.0,183501000000.0,0.63378,6.21,10.203924087591242,30262.867240998454,1.043
243070,휴온스,KOSDAQ,일반,의약품 제조업,"전문의약품, 일반의약품",19910.0,238515000000.0,0.6342,12.64,5.016901054746359,31393.882056133712,4.621
214320,이노션,KOSPI,일반,광고업,광고대행 및 광고물의 제작 등,18140.0,725600000000.0,0.63462,5.68,11.181066813671443,28584.03454035486,6.477
006360,GS건설,KOSPI,건설/인프라 피어,건물 건설업,"토목공사,건축공사,주택공사,산업플랜트공사,리모델링공사,시설물유지관리공사/산업설비설계,감리 용역,수출입/에너지관리 진단,연구개발",37050.0,3170794000000.0,0.63532,24.3,2.6150148448043185,58317.06856387333,1.35
375500,DL이앤씨,KOSPI,건설/인프라 피어,토목 건설업,토목 건설 사업,87200.0,3374083000000.0,0.63549,6.02,10.553360883027525,137216.95069946026,1.021
239890,피엔에이치테크,KOSDAQ,일반,기초 화학물질 제조업,OLED 소재,3570.0,35470000000.0,0.63611,12.18,5.220734733893557,5612.236877269655,5.602
224110,에이텍모빌리티,KOSDAQ,일반,통신 및 방송 장비 제조업,교통카드단말기,8480.0,43081000000.0,0.63686,,-0.195263679245283,13315.328329617185,3.538
037460,삼지전자,KOSDAQ,일반,통신 및 방송 장비 제조업,"통신기기,정보기기,BACKLIGHTUNIT사업",31300.0,510769000000.0,0.63689,2.11,30.222770511182105,49145.06429681735,1.757
228340,동양파일,KOSDAQ,일반,"시멘트, 석회, 플라스터 및 그 제품 제조업",PHC파일,3790.0,75800000000.0,0.63766,,0.0,5943.606310573033,3.958
331520,밸로프,KOSDAQ,일반,소프트웨어 개발 및 공급업,기업인수합병,2340.0,22934000000.0,0.63895,5.18,12.34211111111111,3662.2583926754833,
256150,한독크린텍,KOSDAQ,일반,일반 목적용 기계 제조업,정수기 필터,4930.0,41387000000.0,0.63897,8.95,7.141429411764706,7715.542200729298,5.071
251370,와이엠티,KOSDAQ,일반,기초 화학물질 제조업,"PCB, 반도체 및 디스플레이 제조용 화학소재 등",7310.0,131676000000.0,0.63908,,-2.0195277701778385,11438.31758152344,1.026
095660,네오위즈,KOSDAQ,일반,소프트웨어 개발 및 공급업,"피망,스페셜포스",18010.0,389672000000.0,0.63936,6.19,10.334130816213214,28168.793793793793,1.682
012860,모베이스전자,KOSDAQ,일반,자동차 신품 부품 제조업,"스마트키,스위치",2395.0,175394000000.0,0.63955,7.28,8.785467640918581,3744.820576968181,1.67
065510,휴비츠,KOSDAQ,일반,의료용 기기 제조업,"자동검안기, 자동렌즈미터",6710.0,72990000000.0,0.63978,,-0.8485904619970194,10487.980243208603,3.726
101360,에코앤드림,KOSDAQ,일반,일차전지 및 이차전지 제조업,배출가스 저감용 촉매 및 이차전지 양극활물질 전구체,7680.0,136597000000.0,0.63982,,-6.623136718750001,12003.375949485791,0.208
049120,파인디앤씨,KOSDAQ,일반,전자부품 제조업,"CHASSIS , 금형",2885.0,30585000000.0,0.64092,,-48.38557227036395,4501.341821132122,4.333
148250,알엔투테크놀로지,KOSDAQ,일반,전자부품 제조업,"이동통신부품(커플러), 의료기기용기판, 파우더",1997.0,27180000000.0,0.64121,,-29.925273910866295,3114.4242915737436,1.502
465480,인스피언,KOSDAQ,일반,소프트웨어 개발 및 공급업,"SAP 보안 솔루션, SAP PO/CPI 컨설팅, EDI SaaS 플랫폼",3820.0,38726000000.0,0.64208,4.66,13.782869109947644,5949.414403189634,2.618
462310,뉴키즈온,KOSDAQ,일반,봉제의복 제조업,유아동용 의복,3845.0,30370000000.0,0.64226,,-0.20044525357607287,5986.672064273035,
300120,라온피플,KOSDAQ,일반,소프트웨어 개발 및 공급업,"카메라 모듈 검사기, AI 머신비전, 골프센서",3060.0,30296000000.0,0.64271,,-17.64301960784314,4761.089760545191,4.87
377330,이지트로닉스,KOSDAQ,일반,"전동기, 발전기 및 전기 변환 · 공급 · 제어 장치 제조업",전력변환장치,2700.0,21977000000.0,0.64352,,-28.386382222222224,4195.673794132273,5.556
170790,파이오링크,KOSDAQ,일반,통신 및 방송 장비 제조업,"ADC(서버부하 분산장치), 보안스위치, 웹방화벽",8390.0,53673000000.0,0.64373,8.2,7.849055899880811,13033.414630357447,4.291
095700,제넥신,KOSDAQ,일반,자연과학 및 공학 연구개발업,항체융합단백질 치료제 및 유전자치료 백신개발,2810.0,127968000000.0,0.6443,,-16.256537366548045,4361.3223653577525,
054090,삼진엘앤디,KOSDAQ,일반,그외 기타 제품 제조업,"몰드프레임, TFT-LCD BLU",1015.0,25333000000.0,0.64451,6.77,9.524778325123153,1574.8398007788862,4.926
298060,풍전약품,KOSDAQ,일반,의약품 제조업,세포치료제,2340.0,22551000000.0,0.64476,,-19.012153846153844,3629.2573981016194,
131090,시큐브,KOSDAQ,일반,소프트웨어 개발 및 공급업,"시스템보안관리솔루션, 정보유출방지솔루션",4245.0,32509000000.0,0.64549,7.08,9.123533568904595,6576.399324544144,3.534
362990,드림인사이트,KOSDAQ,일반,광고업,광고대행,1293.0,21723000000.0,0.64555,,-0.6989713843774168,2002.9432267059099,1.547
039570,HDC랩스,KOSPI,건설/인프라 피어,전기 및 통신 공사업,"기계설비공사, 스마트홈, 지능형 빌딩, SOC, 인테리어, 조경, 시설관리",7540.0,195720000000.0,0.64645,10.23,6.318748673740053,11663.701755742904,5.968
020180,대신정보통신,KOSDAQ,일반,"컴퓨터 프로그래밍, 시스템 통합 및 관리업","디지털서비스, SI서비스, 산업용 PDA",4085.0,31396000000.0,0.64677,2.53,25.55414394124847,6316.001051378388,6.12
085670,뉴프렉스,KOSDAQ,일반,전자부품 제조업,연성인쇄회로기판,2970.0,72767000000.0,0.64729,7.23,8.957447474747475,4588.360703857622,3.367
039610,화성밸브,KOSDAQ,일반,일반 목적용 기계 제조업,"가스밸브, 매몰용접용 볼밸브, 온수분배기",6080.0,63295000000.0,0.64771,3040.0,0.021306250000000002,9386.916984452919,0.617
205100,엑셈,KOSDAQ,일반,소프트웨어 개발 및 공급업,IT 시스템 성능관리 및 AI데이터 저장관리,1281.0,86517000000.0,0.64785,3.32,19.521475409836068,1977.3095623987033,3.279
104540,코렌텍,KOSDAQ,일반,의료용 기기 제조업,"인공고관절, 인공슬관절 등",4090.0,54836000000.0,0.64787,8.15,7.951851833740831,6312.9948909503455,
035460,기산텔레콤,KOSDAQ,일반,통신 및 방송 장비 제조업,"광모듈, 에코 켄슬러, 중계기, VoIP Server등",2660.0,39688000000.0,0.64811,3.43,18.907269172932327,4104.241563932049,3.759
001000,신라섬유,KOSDAQ,일반,부동산 임대 및 공급업,부동산,1871.0,9084000000.0,0.64814,170.09,0.38105505077498664,2886.7220045051995,0.534
001540,안국약품,KOSDAQ,일반,의약품 제조업,"그랑파제, 토비콤-S",10170.0,132641000000.0,0.64868,6.13,10.58809046214356,15677.99223037553,6.224
300720,한일시멘트,KOSPI,일반,"시멘트, 석회, 플라스터 및 그 제품 제조업","시멘트, 레미콘, 레미탈",16290.0,1198051000000.0,0.64871,11.55,5.618967526089626,25111.374882459033,6.139
265560,영화테크,KOSDAQ,일반,자동차 신품 부품 제조업,자동차 정션박스 등,6350.0,67882000000.0,0.65206,2.34,27.869147086614177,9738.367634880226,2.047
012330,현대모비스,KOSPI,일반,자동차 신품 부품 제조업,"자동차A/S용 부품,컨테이너,특수중기,산업기계제품 생산,판매,부품모듈화,부품수출사업,환경/플랜트사업,특수중기부문(컨테이너)",382500.0,34356373000000.0,0.6526,9.59,6.8029071372549,586117.0701808153,1.699
065650,하이퍼코퍼레이션,KOSDAQ,일반,기계장비 및 관련 물품 도매업,음반재킷 제작,1486.0,16265000000.0,0.65299,,-57.30141049798115,2275.6856919707807,
013990,아가방컴퍼니,KOSDAQ,일반,생활용품 도매업,유아용 의류 및 용품,4795.0,157695000000.0,0.65319,7.62,8.568436079249219,7340.896217027204,0.834
000400,롯데손해보험,KOSPI,일반,보험업,손해보험업,2065.0,640844000000.0,0.65335,,-1.487043583535109,3160.6336573046606,0.969
215090,솔디펜스,KOSDAQ,일반,"측정, 시험, 항해, 제어 및 기타 정밀기기 제조업; 광학기기 제외",■ 회로카드조립체(프로세서보드용),1472.0,34085000000.0,0.65336,,-1.7310489130434783,2252.9692665605485,
338100,NH프라임리츠,KOSPI,일반,부동산 임대 및 공급업,부동산 투자,3795.0,70814000000.0,0.65397,6.7,9.753544664031622,5803.018487086563,38.524
011420,갤럭시아에스엠,KOSPI,일반,스포츠 서비스업,"스포츠중계권,스포츠마케팅,광고",1386.0,38183000000.0,0.65438,10.19,6.421044733044733,2118.0353922797153,18.038
0134X0,대신밸런스제20호스팩,KOSDAQ,일반,금융 지원 서비스업,금융 지원 서비스업,1974.0,13304000000.0,0.65445,,-10.443351063829788,3016.2732065092828,
068330,일신바이오,KOSDAQ,일반,일반 목적용 기계 제조업,초저온냉동고및동결건조기,1043.0,46117000000.0,0.65598,7.67,8.5535263662512,1589.9874996188908,0.959
100700,세운메디칼,KOSDAQ,일반,의료용품 및 기타 의약 관련제품 제조업,"의료용구(체액배출기,도뇨관) 제조,도매,수출입",2425.0,106215000000.0,0.65717,7.65,8.590634639175258,3690.0649755770955,2.887
078930,GS,KOSPI,일반,기타 금융업,지주회사/부동산 임대,114800.0,10664402000000.0,0.65829,4.65,14.15151472996516,174391.22575156845,2.613
044340,위닉스,KOSDAQ,일반,가정용 기기 제조업,일반목적용 기계제조업,2885.0,51564000000.0,0.65906,,-182.96053864818023,4377.446666464359,3.466
037370,EG,KOSDAQ,일반,기초 화학물질 제조업,"산화철, 대기수처리방지시설, 무역",4510.0,38898000000.0,0.65921,,-3.098725498891352,6841.522428361221,1.109
038680,에스넷,KOSDAQ,일반,"컴퓨터 프로그래밍, 시스템 통합 및 관리업","네트워크장비 설치 및 납품, 유지보수",3815.0,75966000000.0,0.66133,8.71,7.592727129750982,5768.6782695477295,2.621
057030,YBM넷,KOSDAQ,일반,교육지원 서비스업,"온라인교육, 수수료수입 등",2085.0,34011000000.0,0.66138,18.45,3.5844575539568346,3152.4993196044634,4.796
064090,인크레더블버즈,KOSDAQ,일반,상품 종합 도매업,"Jayjun, Nerdy 외",798.0,39694000000.0,0.6632,,-29.087719298245613,1203.2569360675514,187.97
301300,바이브컴퍼니,KOSDAQ,일반,소프트웨어 개발 및 공급업,"소셜 빅데이터 기반 인공지능 서비스 (소셜메트릭스), 문제 해결 솔루션 (AI Solver)",1832.0,24099000000.0,0.66456,,-58.0764497816594,2756.7112074154325,
034220,LG디스플레이,KOSPI,일반,전자부품 제조업,"고화질, 초대형, 폴더블 고부가가치 디스플레이 제품 개발, 제조",8420.0,4210000000000.0,0.66497,,-21.354856057007122,12662.225363550237,6.977
161000,애경케미칼,KOSPI,일반,기초 화학물질 제조업,무수프탈산 등,10070.0,489892000000.0,0.66565,24.56,2.7101936444885797,15128.07030721851,1.39
305090,마이크로디지탈,KOSDAQ,일반,의료용 기기 제조업,"바이오 분석 시스템, 메디칼 자동화 시스템",538.0,10087000000.0,0.66728,,-135.31644609665426,806.2582424169764,
003690,코리안리,KOSPI,일반,재 보험업,금융보험/부동산 임대,15020.0,2654349000000.0,0.66735,6.11,10.921080559254328,22506.93039634375,3.795
143240,사람인,KOSDAQ,일반,"자료처리, 호스팅, 포털 및 기타 인터넷 정보매개 서비스업","온라인 채용광고(취업포털), 인재파견, 취업지원 등",17160.0,184173000000.0,0.66741,2.0,33.308270629370625,25711.33186497056,4.079
006620,동구바이오제약,KOSDAQ,일반,의약품 제조업,"피부, 비뇨기과 완제의약품",3495.0,99485000000.0,0.66793,3.01,22.1687782546495,5232.584252840867,3.433
464280,티디에스팜,KOSDAQ,일반,의약품 제조업,"경피약물전달시스템(습포제, 첩부제)",5600.0,30968000000.0,0.66798,6.01,11.117095714285714,8383.484535465133,
065680,우주일렉트로,KOSDAQ,일반,전자부품 제조업,정보통신용 초정밀커넥터,22450.0,207448000000.0,0.66839,8.87,7.535390155902004,33588.17456873981,1.559
0010V0,제이피아이헬스케어,KOSDAQ,일반,의료용 기기 제조업,"X-ray Grid, 의료영상기기 등",8720.0,44519000000.0,0.66946,6.18,10.824983944954129,13025.423475637079,2.867
365550,ESR켄달스퀘어리츠,KOSPI,일반,부동산 임대 및 공급업,부동산투자,3060.0,753032000000.0,0.66965,117.69,0.5689836601307189,4569.551258119914,9.085
040910,아이씨디,KOSDAQ,일반,특수 목적용 기계 제조업,"건식세정기,LCD,반도체 장비,광정보통신 부품,장비 제조,연구개발,용역 서비스,수출입",4100.0,74514000000.0,0.67082,12.69,5.284752682926828,6111.922721445396,2.439
026040,제이에스티나,KOSDAQ,일반,귀금속 및 장신용품 제조업,"주얼리,가죽제품,손목시계",2285.0,37711000000.0,0.67088,4.96,13.53504070021882,3405.974242785595,4.376
122900,아이마켓코리아,KOSPI,일반,상품 종합 도매업,B2B 전자상거래,8290.0,277125000000.0,0.67159,8.99,7.469312183353438,12343.840736163433,5.428
194370,제이에스코퍼레이션,KOSPI,일반,"가죽, 가방 및 유사제품 제조업",핸드백 및 지갑,12680.0,367932000000.0,0.67162,4.51,14.88369242902208,18879.723653256307,4.732
006730,서부T&D,KOSDAQ GLOBAL,일반,일반 및 생활 숙박시설 운영업,석유류판매,11150.0,716687000000.0,0.6717,7.39,9.084516591928251,16599.672472830134,0.897
194700,노바렉스,KOSDAQ,일반,기타 식품 제조업,건강기능식품 제조,10290.0,187842000000.0,0.67297,4.43,15.17943022351798,15290.428993863026,3.887
069260,TKG휴켐스,KOSPI,일반,기타 화학제품 제조업,"화합물,화학제품 제조",16300.0,666320000000.0,0.67378,10.34,6.518718159509203,24191.872718097893,6.135
274400,이노시뮬레이션,KOSDAQ,일반,소프트웨어 개발 및 공급업,"스마트 모빌리티 시뮬레이터, XR 가상훈련 시스템 등",2120.0,19263000000.0,0.67487,,-6.46219858490566,3141.3457406611647,
004100,태양금속,KOSPI,건설/인프라 피어,자동차 신품 부품 제조업,"자동차용 강력볼트,너트,전기전자제품용 나사,자전거부품,전해동박,도금도장설비 제조",2960.0,108632000000.0,0.67629,6.79,9.961568918918918,4376.820594715286,0.338
036480,대성미생물,KOSDAQ,일반,의약품 제조업,"동물용 의약품, 미생물제재",6120.0,23256000000.0,0.67646,66.52,1.016900653594771,9047.098128492447,1.225
002150,도화엔지니어링,KOSPI,건설/인프라 피어,"건축기술, 엔지니어링 및 관련 기술 서비스업","토목설계,건축설계,종합감리전문업,종합기술용역,엔지니어링",5080.0,171297000000.0,0.6777,19.54,3.4685433070866143,7495.942157296739,5.906
360070,탑머티리얼,KOSDAQ,건설/인프라 피어,일차전지 및 이차전지 제조업,"이차전지 시스템 엔지니어링, 전극소재, 양극소재",8720.0,71434000000.0,0.67823,,-33.88816639908257,12856.995414534893,4.587
002790,아모레퍼시픽홀딩스,KOSPI,일반,기타 화학제품 제조업,지주회사,26250.0,2007027000000.0,0.67908,17.43,3.8959789714285717,38655.239441597456,1.524
316140,우리금융지주,KOSPI,일반,기타 금융업,금융지주,36350.0,26782191000000.0,0.67964,8.41,8.08463097661623,53484.19751633218,3.741
354390,바스칸바이오제약,KONEX,일반,의약품 제조업,"일반의약품, 전문의약품, 의료기기",3500.0,24563000000.0,0.67969,,,5149.406347011137,
354200,엔젠바이오,KOSDAQ,일반,"그외 기타 전문, 과학 및 기술 서비스업","유전체 분야 진단시약 제조 및 유전체 분야 소프트웨어 연구,개발,판매",1342.0,11992000000.0,0.68012,,-29.799594634873323,1973.1812033170618,
033130,디지틀조선,KOSDAQ,일반,"자료처리, 호스팅, 포털 및 기타 인터넷 정보매개 서비스업",위성서비스,1714.0,63615000000.0,0.68093,6.59,10.329159859976663,2517.145668424067,2.334
007530,와이엠,KOSDAQ,일반,기타 금속 가공제품 제조업,"볼트, 나사",1793.0,39901000000.0,0.68124,13.79,4.939274958170663,2631.965239856732,1.115
011200,HMM,KOSPI,일반,해상 운송업,"정기,부정기,전용선,콘테이너선,자동차선,LNG선 해운",21050.0,19855159000000.0,0.68128,14.15,4.815889026128266,30897.721935180834,3.325
285490,노바텍,KOSDAQ,일반,그외 기타 제품 제조업,"Magnet, Shield Magnet, 심재",12000.0,126909000000.0,0.68144,3.75,18.177412,17609.767551068326,23.925
111770,영원무역,KOSPI,일반,상품 종합 도매업,스포츠의류,72500.0,3212581000000.0,0.6832,5.44,12.564283586206898,106118.26697892271,2.897
018250,애경산업,KOSPI,일반,기타 화학제품 제조업,"Age 20's,루나, 트리오, 2080치약, 순샘, 제트 등",11140.0,294206000000.0,0.68333,17.01,4.0177841113105925,16302.51854887097,1.795
051780,큐로홀딩스,KOSDAQ,일반,음·식료품 및 담배 소매업,"DTIS, Probe Card, H.F PCB",2715.0,20634000000.0,0.68431,,-45.494642725598524,3967.5001095994508,127.473
030200,KT,KOSPI,일반,전기 통신업,"유무선통신사업,공중전기통신사업,인터넷,전자상거래,네트워크(전용회선,데이터통신,초고속사업 등)",53000.0,13357149000000.0,0.68539,10.31,6.648283000000001,77328.23647850129,4.528
363260,모비데이즈,KOSDAQ,일반,광고업,기업인수합병,4270.0,27467000000.0,0.68543,16.88,4.06121288056206,6229.666049049502,4.684
376980,원티드랩,KOSDAQ,일반,소프트웨어 개발 및 공급업,채용 플랫폼,2985.0,29152000000.0,0.68649,14.63,4.691589949748744,4348.206091858585,
071950,코아스,KOSPI,일반,가구 제조업,"사무용가구,금속가구 도매,제조",1807.0,26127000000.0,0.68672,,-93.79219479800776,2631.349021435228,2.556
032640,LG유플러스,KOSPI,일반,전기 통신업,"개인휴대통신서비스,음성서비스,데이터서비스,부가통신/단말기 도소매/프로그램 개발,자료제공",14200.0,6026873000000.0,0.68689,11.4,6.027217887323944,20672.887944212318,4.648
065370,위세아이텍,KOSDAQ,일반,소프트웨어 개발 및 공급업,"빅데이터분석, 인공지능, 데이터품질관리 솔루션",2975.0,21967000000.0,0.68771,11.18,6.148936470588236,4325.951345770746,5.042
015260,에이엔피,KOSPI,일반,전자부품 제조업,"전자부품(인쇄회로기판),무정전 전원공급장치 제조",276.0,13004000000.0,0.6878,,-65.54036231884058,401.2794416981681,1303.85
008700,아남전자,KOSPI,일반,영상 및 음향기기 제조업,"칼라TV,오디오,비디오 제조,도매",1258.0,97023000000.0,0.68883,,-0.3285357710651829,1826.2851501821929,0.397
039840,디오,KOSDAQ,일반,의료용 기기 제조업,자동포장기계,9960.0,133621000000.0,0.68927,6.35,10.858078614457831,14450.070364298459,0.753
065150,대산F&B,KOSDAQ,일반,음·식료품 및 담배 도매업,"외식프랜차이즈사업,육류가공,식자재유통등",1224.0,19508000000.0,0.68966,1.98,34.82106862745098,1774.7875764869646,4.085
462520,조선내화,KOSPI,일반,"내화, 비내화 요업제품 제조업",내화 요업제품,12590.0,149256000000.0,0.69118,,-1.4603167593328037,18215.22613501548,7.943
415380,스튜디오삼익,KOSDAQ,일반,기타 생활용품 소매업,"침실가구, 거실가구, 옷장/수납, 주방가구 등",2175.0,24888000000.0,0.69154,10.93,6.327193563218392,3145.154293316366,4.598
084440,유비온,KOSDAQ,일반,소프트웨어 개발 및 공급업,학습관리시스템 등 에듀테크 플랫폼 (코스모스) 및 교육서비스,5610.0,21466000000.0,0.69204,,-1.1472320855614973,8106.467834229235,
014820,동원시스템즈,KOSPI,일반,플라스틱제품 제조업,포장용 플라스틱제품 제조 외,21250.0,616064000000.0,0.69239,9.82,7.047715623529411,30690.79564985052,2.824
002720,국제약품,KOSPI,일반,의약품 제조업,"항생제,안약,제약 제조,도매",3270.0,69192000000.0,0.69317,13.86,5.0026948012232415,4717.457477963559,0.917
089790,제이티,KOSDAQ,일반,특수 목적용 기계 제조업,반도체장비(Burn-in Sorter 등),5630.0,58076000000.0,0.6933,5.01,13.841371225577264,8120.582720323092,2.309
243840,신흥에스이씨,KOSDAQ,일반,일차전지 및 이차전지 제조업,"2차전지용 안전 부품(Cap Assembly, CID)",5740.0,221324000000.0,0.69492,13.32,5.217953310104529,8259.943590629138,1.15
109080,옵티시스,KOSDAQ,일반,통신 및 방송 장비 제조업,광링크 모듈 등,9800.0,55232000000.0,0.69535,10.79,6.442630612244899,14093.621917020206,2.551
025980,아난티,KOSDAQ,일반,일반 및 생활 숙박시설 운영업,리조트 운영 및 분양,5140.0,500127000000.0,0.69631,,-4.240175680933852,7381.769614108659,0.029
060850,영림원소프트랩,KOSDAQ,일반,소프트웨어 개발 및 공급업,"ERP Package, 유지 관리 등",4505.0,36630000000.0,0.69655,14.63,4.762206437291898,6467.590266312541,2.664
054300,팬스타엔터프라이즈,KOSDAQ,일반,일반 목적용 기계 제조업,자동차 정비용 리프트,1103.0,64162000000.0,0.69698,,-1.4533581142339076,1582.541823294786,134.212
303530,이노뎁,KOSDAQ,일반,소프트웨어 개발 및 공급업,영상인식 및 데이터플랫폼 솔루션,3035.0,22274000000.0,0.69791,,-10.232947281713344,4348.698256222149,
004090,한국석유,KOSPI,일반,기타 비금속 광물제품 제조업,"석유류제품(솔벤트,부로운아스팔트,방수시트몰터프라스,메타놀,빙초산) 제조,도소매/부동산 임대",11720.0,148775000000.0,0.69795,10.05,6.943768771331057,16792.03381331041,1.024
044990,에이치엔에스하이텍,KOSDAQ,일반,전자부품 제조업,"ACF(이방성전도필름), 수정진동자/수정발진기",10640.0,81772000000.0,0.69918,6.69,10.454843796992481,15217.82659687062,2.35
044960,이글벳,KOSDAQ,일반,기타 전문 도매업,"아바텍,아목사실린사 등",3125.0,39505000000.0,0.69923,7.25,9.64378016,4469.20183630565,2.56
237750,피앤씨테크,KOSDAQ,일반,"전동기, 발전기 및 전기 변환 · 공급 · 제어 장치 제조업",배전자동화단말장치,3400.0,22088000000.0,0.70048,,-94.35877647058824,4853.814527181361,2.941
263920,휴엠앤씨,KOSDAQ,일반,그외 기타 제품 제조업,"유리용기, 화장용 스펀지, 퍼프",3255.0,31928000000.0,0.70076,10.02,6.996835637480799,4644.956903932873,6.144
036890,진성티이씨,KOSDAQ,일반,특수 목적용 기계 제조업,트랙롤라. 플로팅 씰,12210.0,269018000000.0,0.70181,4.0,17.542376085176087,17397.871218705917,2.703
005610,삼립,KOSPI,일반,기타 식품 제조업,"빵,아이스크림,과자,케익,유산균음료,인스턴트식품,병조림,면류,식용유 제조,판매",40000.0,345160000000.0,0.70252,,-1.9003166000000002,56937.88077207766,2.5
063440,SM Life Design,KOSDAQ,일반,기록매체 복제업,"추첨식복권 제조, 일반출판 인쇄, CD ·DVD 복제",1073.0,48627000000.0,0.70373,9.41,7.476721342031686,1524.7324968382761,9.32
348350,위드텍,KOSDAQ,일반,"측정, 시험, 항해, 제어 및 기타 정밀기기 제조업; 광학기기 제외","AMCs 모니터링 시스템, 공정 프로세스 모니터링 시스템, TMS",9590.0,93728000000.0,0.70458,6.8,10.366656725755997,13610.945527832184,2.086
090080,평화산업,KOSPI,일반,자동차 신품 부품 제조업,"자동차부품(방진고무,방류고무(COVER류,CUP류),호스류),장비시설용 부품 제조,판매",1000.0,54902000000.0,0.70591,1.99,35.436682000000005,1416.6111827286763,4.321
335870,윙스풋,KOSDAQ,일반,"섬유, 의복, 신발 및 가죽제품 소매업",신발 매입 및 공급,5300.0,17755000000.0,0.70606,,-23.832855471698114,7506.444211540095,1.555
089600,KT나스미디어,KOSDAQ,일반,광고업,광고매체 판매,12880.0,146916000000.0,0.70656,10.08,7.010742857142857,18229.166666666668,5.435
072770,멤레이비티,KOSDAQ,일반,"컴퓨터 프로그래밍, 시스템 통합 및 관리업",무선인터넷플랫폼,759.0,31507000000.0,0.70683,,-45.81822924901186,1073.8084122066127,
215790,이노인스트루먼트,KOSDAQ,일반,통신 및 방송 장비 제조업,기업 인수 합병,811.0,32669000000.0,0.70807,40.55,1.74616522811344,1145.3669834903328,
208860,다산디엠씨,KOSDAQ,일반,소프트웨어 개발 및 공급업,"Nav-Link 솔루션, BringGo 어플리케이션 등",1303.0,44236000000.0,0.70885,,-4.569716039907905,1838.1886153629118,
052220,iMBC,KOSDAQ,일반,영상·오디오물 제공 서비스업,"디지털콘텐츠,웹에이젼시",1711.0,39353000000.0,0.70993,26.32,2.696987142022209,2410.096770104095,2.63
261200,덴티스,KOSDAQ,일반,의료용 기기 제조업,임플란트외,2580.0,40789000000.0,0.71042,28.99,2.450673643410853,3631.654514231018,
163280,에어레인,KOSDAQ,일반,일반 목적용 기계 제조업,기체분리막 모듈 및 시스템,3815.0,51895000000.0,0.7106,7.51,9.462249017038008,5368.702504925415,
045510,정원엔시스,KOSDAQ,일반,기계장비 및 관련 물품 도매업,"SI(시스템통합) 관련 소프트웨어, 중.대형 고속 레이져 프린터",1118.0,35194000000.0,0.71128,15.53,4.580694096601073,1571.8141941288943,1.711
277070,린드먼아시아,KOSDAQ,일반,신탁업 및 집합투자업,"투자조합, PEF 결성 및 투자",3285.0,44978000000.0,0.71172,65.7,1.0832876712328767,4615.579160343956,7.61
003010,혜인,KOSPI,건설/인프라 피어,기계장비 및 관련 물품 도매업,"건설기계,산업용 기계장비(진공흡인차,세정차),스테거크레인,비상용발전기,해상용엔진 도소매/창고",10550.0,134119000000.0,0.71291,7.45,9.568536113744077,14798.501914687688,1.896
215200,메가스터디교육,KOSDAQ,일반,일반 교습 학원,"오프라인 학원, 온라인 강의",34950.0,362264000000.0,0.71306,4.35,16.39731965665236,49014.10820968782,8.584
113810,디젠스,KOSDAQ,일반,자동차 신품 부품 제조업,자동차용 소음기(머플러),3075.0,20066000000.0,0.7137,8.94,7.984156097560975,4308.532997057588,3.252
282880,코윈로보틱스,KOSDAQ,건설/인프라 피어,특수 목적용 기계 제조업,"공정자동화설비(2차전지,석유화학,반도체,디스플레이)",11010.0,128751000000.0,0.71406,23.88,2.989842506811989,15418.872363666918,1.782
109670,씨싸이트,KOSDAQ,일반,봉제의복 제조업,니트류 OEM,6710.0,39163000000.0,0.71448,46.6,1.5333102831594634,9391.445526816706,6.522
102370,케이옥션,KOSDAQ,일반,상품 중개업,미술품 경매 및 판매,2895.0,74946000000.0,0.7146,,-2.4930777202072543,4051.217464315701,1.209
071280,로체시스템즈,KOSDAQ,일반,특수 목적용 기계 제조업,LCD 제조용 이송장비,7030.0,107535000000.0,0.71571,7.81,9.162716927453769,9822.414106272094,0.711
271980,제일약품,KOSPI,일반,의약품 제조업,의약품,9970.0,146607000000.0,0.7159,15.73,4.552463390170511,13926.52605112446,0.502
475660,에스켐,KOSDAQ,일반,기타 화학제품 제조업,OLED 유기화합물 등,3200.0,25375000000.0,0.71599,,-6.4662846875,4469.336163912903,0.959
377220,프롬바이오,KOSDAQ,일반,기타 식품 제조업,개별인정형 건강기능식품,2920.0,16533000000.0,0.71614,,-87.21211780821918,4077.415030580613,
336060,웨이버스,KOSDAQ,일반,소프트웨어 개발 및 공급업,금융 지원 서비스,3050.0,29374000000.0,0.71786,15.97,4.495451147540984,4248.739308500264,
382480,지아이텍,KOSDAQ,일반,특수 목적용 기계 제조업,"SLOT DIE, SLIT NOZZLE, REPAIR, 기타",1586.0,62420000000.0,0.71882,14.69,4.8948650693568725,2206.3938120809103,0.694
039830,오로라,KOSDAQ,일반,전문디자인업,"캐릭터디자인,캐릭터완구 등",15430.0,166071000000.0,0.71958,5.7,12.6241287103046,21443.064009561134,3.889
064480,브리지텍,KOSDAQ,일반,소프트웨어 개발 및 공급업,"컨택센터솔루션,BcN솔루션,ASP서비스사업",2610.0,31196000000.0,0.7196,7.86,9.153532567049808,3627.0150083379654,4.598
115310,인포바인,KOSDAQ,일반,전기 통신업,휴대폰인증서보관서비스(UBIKey),9430.0,139861000000.0,0.72227,17.56,4.11303276776246,13056.059368380245,2.545
270520,앱튼,KOSDAQ,건설/인프라 피어,"건축기술, 엔지니어링 및 관련 기술 서비스업",지열냉난방시스템,2835.0,65655000000.0,0.72248,,-44.41914074074074,3923.9840549219357,
177900,쓰리에이로직스,KOSDAQ,일반,반도체 제조업,NFC/IoT SoC 및 모듈,3545.0,34129000000.0,0.7227,,-5.850913963328631,4905.216549052166,
288620,에스프리즘,KOSDAQ,일반,"전동기, 발전기 및 전기 변환 · 공급 · 제어 장치 제조업","건물용 연료전지, 발전용 연료전지",4385.0,30604000000.0,0.72347,,-45.43754572405929,6061.066803046429,1.14
046210,HLB파나진,KOSDAQ,일반,의료용품 및 기타 의약 관련제품 제조업,의료용품및 기타 의약관련 제품 제조업,1135.0,51674000000.0,0.72354,,-4.589857268722467,1568.6762307543468,5.286
476080,M83,KOSDAQ,일반,"영화, 비디오물, 방송프로그램 제작 및 배급업",VFX,4015.0,32429000000.0,0.72446,,-8.462558904109589,5542.058912845429,
000270,기아,KOSPI,일반,자동차용 엔진 및 자동차 제조업,"승용차,중대형버스,트럭,민수특수차량,군수차량 제조,판매,정비",122300.0,47747509000000.0,0.72639,6.79,10.693316075224857,168366.85527058467,5.56
058430,포스코스틸리온,KOSPI,일반,1차 철강 제조업,"용융아연도금강판,용융알루미늄도금강판,칼라도장강판,냉연강판 가공,제조,도매",4770.0,286200000000.0,0.72674,16.22,4.4792779874213835,6563.557806092963,2.275
450520,인스웨이브,KOSDAQ,일반,소프트웨어 개발 및 공급업,"UI/UX 개발 솔루션, 엔터프라이즈 DX 솔루션, 금융 단말 솔루션 등",1901.0,27953000000.0,0.7272,,-5.58501841136244,2614.1364136413645,
045100,한양이엔지,KOSDAQ,건설/인프라 피어,"건축기술, 엔지니어링 및 관련 기술 서비스업",반도체배관설비,32250.0,564375000000.0,0.73031,9.01,8.107007131782947,44159.329599759,2.016
101970,우양에이치씨,KOSDAQ,일반,"구조용 금속제품, 탱크 및 증기발생기 제조업","화공 플랜트, 에너지 플랜트",10090.0,149231000000.0,0.73233,30.03,2.438680673934589,13777.941638332444,882.067
397810,애드포러스,KOSDAQ,일반,광고업,모바일 광고 플랫폼,6410.0,33080000000.0,0.73328,,-5.170710764430578,8741.5448396247,3.9
002680,한탑,KOSDAQ,일반,"곡물가공품, 전분 및 전분제품 제조업","소맥분(밀가루),배합사료",2605.0,16837000000.0,0.73579,,-130.5780103646833,3540.4123459139155,4.798
265520,AP시스템,KOSDAQ,일반,특수 목적용 기계 제조업,디스플레이 제조 장비,18670.0,280998000000.0,0.73633,5.44,13.535535940010712,25355.47920090177,1.821
241560,두산밥캣,KOSPI,일반,특수 목적용 기계 제조업,"Compact Equipment, Heavy Equipment, Portable Power",59300.0,5684264000000.0,0.73683,11.41,6.4575135075885335,80479.89359825198,2.867
142210,유니트론텍,KOSDAQ,일반,자동차 부품 및 내장품 판매업,"메모리/비메모리반도체, 디스플레이 모듈",6100.0,126583000000.0,0.73736,2.86,25.759248524590166,8272.756862319626,2.705
086060,진바이오텍,KOSDAQ,일반,산업용 농·축산물 및 동·식물 도매업,"펩소이젠(식물성단백질),바이오스타치(가공전분),나투포멘(친환경생균제),락토케어(항생제대체형미생물제제)등",4770.0,41072000000.0,0.73777,11.2,6.5888893081761015,6465.429605432587,1.048
264450,유비쿼스,KOSDAQ,일반,통신 및 방송 장비 제조업,"스위치, FTTH",10870.0,159413000000.0,0.73788,4.92,14.988399632014717,14731.392638369383,4.324
133820,화인베스틸,KOSPI,일반,1차 철강 제조업,"조선용 형강(부등변 부등후 앵글, 부등호 앵글, 등변앵글 평철 등)",999.0,37077000000.0,0.73857,,-9.389228228228227,1352.6138348430075,
044820,코스맥스비티아이,KOSPI,일반,기타 금융업,"화장품,의약부외품 제조,도매",26050.0,250182000000.0,0.73977,3.92,18.859165335892516,35213.64748502913,2.994
065950,웰크론,KOSDAQ,일반,직물직조 및 직물제품 제조업,"기능성 침구용품, 크리너, 필터, 방탄·방검복",1152.0,32522000000.0,0.7408,,-29.194722222222225,1555.0755939524838,1.736
035250,강원랜드,KOSPI,일반,유원지 및 기타 오락관련 서비스업,"카지노,관광호텔,골프장,스키장,체육시설 운영",14380.0,3076464000000.0,0.74118,9.31,7.958149652294853,19401.494913516286,6.606
084870,TBH글로벌,KOSPI,일반,봉제의복 제조업,"캐주얼의류,여성의류,남성의류 제조,도소매",2220.0,45417000000.0,0.74128,,-0.20034594594594596,2994.819771206561,2.252
104830,원익머트리얼즈,KOSDAQ,일반,기초 화학물질 제조업,"저메인가스,디실란,아산화질소,암모니아 등",32750.0,412912000000.0,0.74163,7.61,9.74422561832061,44159.48653641304,1.527
066830,제노텍,KONEX,일반,기타 화학제품 제조업,"원료의약품, 합성유전자, 체외진단 분석기용 시약",1063.0,6024000000.0,0.74188,,,1432.8462824176418,4.704
054780,키이스트,KOSDAQ,일반,"영화, 비디오물, 방송프로그램 제작 및 배급업",멀티미디어 SI,1321.0,25967000000.0,0.742,,-8.593943981831947,1780.3234501347708,
008060,대덕,KOSPI,일반,기타 금융업,"산업용 인쇄회로기판,다층 인쇄회로기판,빌드업기판,반도체패키지기판,메모리모듈기판 제조",14230.0,445215000000.0,0.74224,12.85,5.774136893886156,19171.696486311706,8.117
432980,엠에프씨,KOSDAQ,일반,기초 의약물질 제조업,원료의약품(API) 및 핵심소재,2715.0,23326000000.0,0.74232,,-1.9412419889502763,3657.4523116715163,
208710,포톤,KOSDAQ,일반,전자부품 제조업,모바일용 카메라모듈 부품외,2820.0,37167000000.0,0.74495,29.07,2.5624166666666666,3785.488958990536,
048910,대원미디어,KOSDAQ,일반,기타 전문 도매업,"캐릭터 사업, 만화영화 제작",6540.0,82266000000.0,0.74512,8.87,8.396841590214068,8777.109727292249,1.529
002700,신일전자,KOSPI,일반,기계장비 및 관련 물품 도매업,"가정용 전기기구(선풍기,난로,세탁기),전자기구,연구기구 제조,수출입",956.0,65531000000.0,0.74599,11.95,6.242594142259415,1281.518519015,2.092
001510,SK증권,KOSPI,일반,금융 지원 서비스업,"증권업,부동산 임대",2365.0,547012000000.0,0.74649,8.02,9.311397463002114,3168.160323648006,0.085
356890,싸이버원,KOSDAQ,일반,소프트웨어 개발 및 공급업,보안관제 및 보안컨설팅 등,2545.0,30422000000.0,0.74726,,-0.7927709233791748,3405.775767470492,1.375
452160,제이엔비,KOSDAQ,일반,특수 목적용 기계 제조업,"진공 펌프용 유틸리티 장치(Stacker 등), 정밀가공 부품",2930.0,28179000000.0,0.74753,,-6.429268259385666,3919.57513410833,3.413
234080,JW생명과학,KOSPI,일반,의약품 제조업,"기초수액, TPN, 특수수액, HEMO, 영양수액 등",10980.0,173863000000.0,0.74772,6.68,11.188560655737707,14684.641309581126,5.009
002630,오리엔트바이오,KOSPI,일반,의약품 제조업,의약품 제조,913.0,54133000000.0,0.74906,23.41,3.1997086527929897,1218.860972418765,15.539
256630,포인트엔지니어링,KOSDAQ,일반,기타 금속 가공제품 제조업,디스플레이 및 반도체 장비 부품,4380.0,50805000000.0,0.74924,,-7.560823744292238,5845.923869521114,1.142
214180,헥토이노베이션,KOSDAQ,일반,기타 정보 서비스업,휴대폰부가서비스,13660.0,177489000000.0,0.75102,6.89,10.896937335285505,18188.596841628718,3.66
049430,코메론,KOSDAQ,일반,"측정, 시험, 항해, 제어 및 기타 정밀기기 제조업; 광학기기 제외","줄자, 냉간압연",22550.0,204032000000.0,0.75124,6.62,11.343557427937915,30017.038496352696,3.104
036010,아비코전자,KOSDAQ,일반,전자부품 제조업,"인덕터, 저항기",7150.0,95044000000.0,0.75277,7.74,9.728104615384616,9498.253118482404,0.42
033170,시그네틱스,KOSDAQ,일반,반도체 제조업,반도체 패키징,2155.0,36948000000.0,0.75421,,-16.659116473317866,2857.2943875048063,
273060,와이즈버즈,KOSDAQ,일반,광고업,광고대행,3870.0,38037000000.0,0.75454,6.19,12.185723514211885,5128.952739417394,2.584
263810,상신전자,KOSDAQ,일반,전자부품 제조업,"노이즈필터(48.81%), 코일(19.33%), 리액터(10.75%)",2575.0,41006000000.0,0.75508,19.96,3.782730873786408,3410.234677120305,1.881
042500,링네트,KOSDAQ,일반,"컴퓨터 프로그래밍, 시스템 통합 및 관리업",네트워크 구축(Network Integration),4255.0,94848000000.0,0.75604,9.71,7.782503407755582,5628.009100047616,7.051
317450,명인제약,KOSPI,일반,의약품 제조업,"신경정신계열, 구강계열 완제의약품",42450.0,619770000000.0,0.7565,6.6,11.46066313309776,56113.681427627234,3.534
148150,세경하이테크,KOSDAQ,일반,전자부품 제조업,DECO Film 및 기타 TAPE 제조,4120.0,146436000000.0,0.7573,3.41,22.22271116504854,5440.3802984286285,2.427
149010,아이케이세미콘,KONEX,일반,반도체 제조업,비메모리 반도체,3585.0,11185000000.0,0.75795,,,4729.863447456956,5.579
424760,벨로크,KOSDAQ,일반,"컴퓨터 프로그래밍, 시스템 통합 및 관리업","보안솔루션,보안서비스",2190.0,22019000000.0,0.75816,13.69,5.539068493150685,2888.5723330167775,0.108
0010F0,보원케미칼,KOSDAQ,일반,플라스틱제품 제조업,"차량 내장재용 표면소재, SPC바닥재 등",2310.0,25741000000.0,0.7586,20.09,3.776580086580087,3045.083047719483,
309930,조이웍스앤코,KOSDAQ,일반,기타 생활용품 소매업,기업인수합병,862.0,16598000000.0,0.75891,,-61.89254408352668,1135.8395593680411,
129890,앱코,KOSDAQ,일반,컴퓨터 및 주변장치 제조업,"게이밍기어, 뉴라이프가전 등",946.0,43086000000.0,0.76079,8.23,9.248504228329809,1243.4443144625982,18.393
950210,프레스티지바이오파마,KOSPI,일반,자연과학 및 공학 연구개발업,바이오시밀러 및 항체의약품 신약,6010.0,361177000000.0,0.76178,,-12.092148419301166,7889.416892016067,
064240,홈캐스트,KOSDAQ,일반,기타 전문 도매업,디지털 셋톱박스,1779.0,61721000000.0,0.7619,24.71,3.083575042158516,2334.952093450584,2.811
438700,버넥트,KOSDAQ,일반,소프트웨어 개발 및 공급업,산업용 XR 솔루션,1840.0,20506000000.0,0.76304,,-15.509617391304351,2411.4070035646882,
067390,아스트,KOSDAQ,일반,"항공기,우주선 및 부품 제조업",항공기용 부품 제조 및 동체 조립,5850.0,246377000000.0,0.76552,50.43,1.5179541880341878,7641.8643536419695,
219420,링크제니시스,KOSDAQ,일반,소프트웨어 개발 및 공급업,"반도체, 디스플레이, 자동화 S/W 및 시스템 테스트 자동화 솔루션 개발(XCOMPRO, XGEM, MAT)",3380.0,38766000000.0,0.76566,8.28,9.242286390532545,4414.492072199148,
053580,웹케시,KOSDAQ,일반,소프트웨어 개발 및 공급업,"에스이알피, 브랜치, 인하우스",6900.0,89385000000.0,0.76691,7.29,10.52556188405797,8997.144384608364,2.899
003570,SNT다이내믹스,KOSPI,일반,자동차 신품 부품 제조업,"자동차부품(동력전달장치 등),공작기계(CNC선반 등),사출성형기 제조",28150.0,936063000000.0,0.76795,19.05,4.032078507992896,36656.03229376912,6.394
368600,아이씨에이치,KOSDAQ,일반,전자부품 제조업,스마트기기용 필름형 안테나,956.0,24660000000.0,0.76811,,-59.134828451882846,1244.6134017263153,
032850,비트컴퓨터,KOSDAQ,일반,소프트웨어 개발 및 공급업,의료정보시스템,4160.0,69152000000.0,0.76825,8.93,8.605877403846154,5414.904002603319,1.587
453450,그리드위즈,KOSDAQ,일반,"그외 기타 전문, 과학 및 기술 서비스업","수요관리 서비스, 전기차 충전기 모뎀 등",12790.0,101587000000.0,0.7685,85.84,0.8952814698983581,16642.81067013663,
0030R0,대신밸류리츠,KOSPI,일반,신탁업 및 집합투자업,부동산 임대,3705.0,221484000000.0,0.76857,112.27,0.6845562753036437,4820.640930559351,7.881
059210,메타바이오메드,KOSDAQ,일반,의료용품 및 기타 의약 관련제품 제조업,"생체분해성봉합사,근관충전재",3780.0,102708000000.0,0.76878,6.16,12.487590476190476,4916.881292437368,2.778
013700,까뮤이앤씨,KOSPI,건설/인프라 피어,건물 건설업,"토목공사,건축공사/부동산 임대",1691.0,101038000000.0,0.77013,3.52,21.906122412773506,2195.733187903341,1.774
206560,덱스터,KOSDAQ,일반,"영화, 비디오물, 방송프로그램 제작 및 배급업","시각효과(Visual Effect, VFX)",910.0,23124000000.0,0.77035,,-18.793153846153846,1181.2812358019082,
049960,쎌바이오텍,KOSDAQ,일반,기초 의약물질 제조업,유산균 원말 및 완제품,15490.0,145606000000.0,0.77076,8.67,8.891853582956747,20097.047070423996,3.873
035150,백산,KOSPI,일반,플라스틱제품 제조업,"P.U.인조피혁,부직포인공피혁 제조,무역",10600.0,209573000000.0,0.77087,6.14,12.552090754716982,13750.697264130138,4.245
204320,HL만도,KOSPI,일반,자동차 신품 부품 제조업,"제동장치, 조향장치, 현가장치",48250.0,2265681000000.0,0.771,13.4,5.752538860103627,62581.0635538262,1.554
097520,엠씨넥스,KOSPI,일반,영상 및 음향기기 제조업,"모바일 카메라모듈,전장 카메라모듈,블랙박스,IP 카메라",19060.0,331672000000.0,0.77102,9.94,7.758742707240293,24720.50011672849,5.247
065530,와이어블,KOSDAQ,건설/인프라 피어,전기 통신업,공용기지국건설/관리,1312.0,62764000000.0,0.77137,10.33,7.466767530487806,1700.8698808613246,3.811
293490,카카오게임즈,KOSDAQ GLOBAL,일반,소프트웨어 개발 및 공급업,"모바일, PC게임 퍼블리싱",9200.0,982056000000.0,0.77191,,-12.32538902173913,11918.487906621238,
039980,폴라리스AI,KOSDAQ,일반,"컴퓨터 프로그래밍, 시스템 통합 및 관리업","TRS통신, Kipling Bag외",5130.0,73775000000.0,0.77265,,-3.9611491228070173,6639.487478159581,2.302
309960,LB인베스트먼트,KOSDAQ,일반,기타 금융업,중소기업 창업투자,4275.0,99253000000.0,0.77369,7.12,10.858807017543858,5525.468857035764,4.678
208850,이비테크,KONEX,일반,기타 전기장비 제조업,전자가속기 제조 및 전자선조사서비스,5200.0,14665000000.0,0.77397,,,6718.606664340995,0.962
092790,넥스틸,KOSPI,일반,1차 철강 제조업,"OCTG Pipe, Line Pipe, Standard Pipe, 일반관",14040.0,365068000000.0,0.77407,38.47,2.012361467236467,18137.894505664863,8.226
049950,미래컴퍼니,KOSDAQ,일반,특수 목적용 기계 제조업,EdgeGrinder,10680.0,94175000000.0,0.7745,,-2.6179260299625464,13789.541639767593,0.936
208370,셀바스헬스케어,KOSDAQ,일반,의료용 기기 제조업,"체성분측정기, 혈압계, 점자정보단말기",2310.0,59460000000.0,0.77538,6.83,11.345387012987013,2979.1843999071425,2.852
453340,현대그린푸드,KOSPI,일반,종합 소매업,"푸드서비스(단체급식), 식자재유통서비스, 공산품/생식품 유통서비스",18670.0,606244000000.0,0.77565,5.84,13.286174076057844,24070.13472571392,3.621
005380,현대차,KOSPI,일반,자동차용 엔진 및 자동차 제조업,"자동차(승용차,버스,트럭,특장차),자동차부품,자동차전착도료 제조,차량정비사업",368000.0,75350857000000.0,0.77697,11.99,6.481154372282609,473634.7606728702,2.717
335810,프리시젼바이오,KOSDAQ,일반,의료용 기기 제조업,체외진단 기기 및 시약,1503.0,32990000000.0,0.77977,,-18.936530272787756,1927.491439783526,
361570,알비더블유,KOSDAQ,일반,오디오물 출판 및 원판 녹음업,음반 및 음원 등(콘텐츠),1705.0,49007000000.0,0.7801,12.45,6.2682521994134905,2185.6172285604407,
036030,케이티알파,KOSDAQ,일반,상품 중개업,"커머스, 콘텐츠, ICT",4955.0,242889000000.0,0.78047,5.48,14.23904904137235,6348.73858059887,5.651
065440,이루온,KOSDAQ,일반,소프트웨어 개발 및 공급업,이동통신 핵심망 및 서비스망 솔루션 개발 공급,1538.0,41948000000.0,0.78196,,-1.830335500650195,1966.852524425802,4.997
000810,삼성화재,KOSPI,일반,보험업,"손해보험의 원수,재보험,운용자산의 투자활동",658000.0,29378037000000.0,0.78262,14.95,5.234038863221885,840765.6333852955,2.964
330730,스톤브릿지벤처스,KOSDAQ,일반,기타 금융업,"창업투자, 사모투자",4615.0,84075000000.0,0.78298,3.59,21.818250920910074,5894.147998671741,6.501
086790,하나금융지주,KOSPI,일반,기타 금융업,기타 금융,134200.0,36364161000000.0,0.78349,9.11,8.60029149776453,171284.89195777866,3.059
187870,디바이스,KOSDAQ,일반,특수 목적용 기계 제조업,OLED용 FM MASK 세정장비,10410.0,144311000000.0,0.78407,4.06,19.31177214217099,13276.875789151478,3.191
203450,유니온바이오메트릭스,KOSDAQ,일반,통신 및 방송 장비 제조업,지문인식출입통제기,2625.0,36957000000.0,0.78474,29.83,2.6307474285714285,3345.0569615414024,3.429
017860,DS단석,KOSPI,일반,기타 화학제품 제조업,바이오에너지,12250.0,216257000000.0,0.78489,,-4.4146057959183675,15607.282549147014,0.081
038390,레드캡투어,KOSDAQ,일반,여행사 및 기타 여행보조 서비스업,"여행알선, 렌터카",10030.0,167709000000.0,0.78501,6.54,11.998208673978066,12776.907300543942,7.976
072020,중앙백신,KOSDAQ,일반,기초 의약물질 제조업,동물용백신,9230.0,85440000000.0,0.78516,11.04,7.11152502708559,11755.565744561618,2.167
299170,더블유에스아이,KOSDAQ,일반,생활용품 도매업,"의약품, 의료기기 도소매",1161.0,48194000000.0,0.78548,,-1.3531093884582257,1478.0770993532617,
005500,삼진제약,KOSPI,일반,의약품 제조업,"의약품(게보린,세트라졸,염산나록손) 제조,판매,수출입,약초재배",18460.0,245887000000.0,0.78759,10.76,7.321259154929577,23438.59114513897,4.334
011150,CJ씨푸드,KOSPI,일반,기타 식품 제조업,"수산물(어묵,맛살)가공품 도매,원양수산업,수출입",1910.0,68627000000.0,0.78787,38.98,2.021237172774869,2424.2578090294087,26.178
127980,화인써키트,KOSDAQ,일반,전자부품 제조업,인쇄회로기판(PCB),2615.0,30963000000.0,0.78805,653.75,0.12054302103250478,3318.3173656493877,6.501
026150,특수건설,KOSDAQ,건설/인프라 피어,토목 건설업,보링,4145.0,72729000000.0,0.7884,,-31.688164053075994,5257.483510908169,0.7
245450,씨앤에스링크,KONEX,일반,통신 및 방송 장비 제조업,"내비게이션, LTE Router, 블랙박스",1898.0,2998000000.0,0.78898,,,2405.637658749271,
066310,큐에스아이,KOSDAQ,일반,반도체 제조업,레이저다이오드(LaserDiode),8560.0,79365000000.0,0.79027,12.35,6.39786343457944,10831.741050527035,1.168
071050,한국금융지주,KOSPI,일반,기타 금융업,금융지주회사,183200.0,10209001000000.0,0.79029,3.85,20.549265524017468,231813.63803160863,4.743
140430,카티스,KOSDAQ,건설/인프라 피어,"컴퓨터 프로그래밍, 시스템 통합 및 관리업",산업인프라 보안플랫폼,2815.0,30090000000.0,0.79132,40.21,1.967758436944938,3557.3472173077894,
298020,효성티앤씨,KOSPI,건설/인프라 피어,화학섬유 제조업,"섬유, 산업자재, 화학, 중공업, 건설, 무역,금융 등",329000.0,1423807000000.0,0.79227,12.65,6.262545173252279,415262.47365165915,3.07
278990,EMB,KONEX,일반,"전동기, 발전기 및 전기 변환 · 공급 · 제어 장치 제조업","태양광ESS,휴대폰 액세서리",2900.0,23387000000.0,0.79266,,,3658.5673554865893,
007110,일신석재,KOSPI,일반,"건축자재, 철물 및 난방장치 도매업","건축석 제조,도소매/석공예,석공사",603.0,46706000000.0,0.79416,,-1.1853134328358208,759.2928377153219,277.993
090460,비에이치,KOSPI,일반,전자부품 제조업,FPCB (연성인쇄회로기판),20250.0,682658000000.0,0.79438,8.35,9.509022814814815,25491.578337823208,1.235
395400,SK리츠,KOSPI,일반,부동산 임대 및 공급업,서울 중구 소재 SK서린빌딩 및 전국 116개 주유소 임대 운영,5150.0,1550240000000.0,0.79496,41.53,1.9140784466019418,6478.313374257824,5.204
101680,한국정밀기계,KOSDAQ,일반,특수 목적용 기계 제조업,"금속절삭가공기계(수치제어식 수평보링머신,오면가공기,수직선반,플로우보링머신),산업기계(전용기,공작기계부품) 제조,판매",2990.0,25127000000.0,0.79528,,-19.177153177257527,3759.682124534755,6.689
217500,러셀,KOSDAQ,일반,특수 목적용 기계 제조업,반도체장비 리퍼비시,1516.0,48226000000.0,0.7955,44.59,1.7841029023746704,1905.7196731615336,1.979
054920,한컴위드,KOSDAQ,일반,소프트웨어 개발 및 공급업,전자상거래 보안 솔루션,4980.0,140521000000.0,0.79753,16.01,4.980558835341365,6244.279212067258,2.759
004370,농심,KOSPI,일반,기타 식품 제조업,"라면,스낵,유지 제조,도매,수출입",390000.0,2372230000000.0,0.79764,12.05,6.619798430769232,488942.3800210621,1.538
003850,보령,KOSPI,일반,의약품 제조업,"의약품(제산제(겔포스),구심,용각산,고혈압치료제(카프릴),소염진통제(멘소레담),항생제(듀리세프),혈전치료제(아스트릭스)) 제조",8340.0,715465000000.0,0.79832,5.93,13.45848824940048,10446.938570999098,1.918
064820,케이프,KOSDAQ,일반,선박 및 보트 건조업,선박엔진용실린더라이너,8040.0,248116000000.0,0.79848,3.94,20.279802985074628,10069.131349564172,8.706
131370,알서포트,KOSDAQ,일반,소프트웨어 개발 및 공급업,"원격지원,제어 솔루션",1513.0,80593000000.0,0.79855,,-0.7389094514210178,1894.684114958362,0.661
034730,SK,KOSPI,일반,기타 금융업,"지주회사, 시스템통합(SI), 정보통신사업 관련 컨설팅,조사용역,정보통신기술 연구개발/정보통신기기,소프트웨어 개발,도매",555000.0,40239000000000.0,0.79856,5.04,15.843574284684687,695001.0018032457,1.441
083420,그린케미칼,KOSPI,일반,기타 화학제품 제조업,"비이온계면활성제 제조,도매",4685.0,112440000000.0,0.80066,5.58,14.338393596584845,5851.422576374491,5.123
033160,엠케이전자,KOSDAQ,일반,전자부품 제조업,반도체용세금선,14650.0,359863000000.0,0.80192,15.52,5.167320682593857,18268.65522745411,0.819
039420,케이엘넷,KOSDAQ,일반,전기 통신업,EC/EDI,2690.0,61727000000.0,0.80211,7.54,10.645102973977695,3353.6547356347633,3.717
010640,진양폴리,KOSPI,일반,플라스틱제품 제조업,"폴리우레탄,폴리우레탄스폰지 제조,판매",2115.0,35320000000.0,0.8026,10.68,7.513702127659575,2635.185646648393,5.945
083930,아바코,KOSDAQ,일반,특수 목적용 기계 제조업,평판디스플레이제조용장비,11790.0,173044000000.0,0.80653,10.38,7.771145716709076,14618.179112990218,4.241
015590,DKME,KOSPI,일반,일반 목적용 기계 제조업,"열교환기,압력용기,저장탱크,산업용보일러 제조",2205.0,117738000000.0,0.80688,,-3.0372353741496596,2732.7483640690066,13.307
106190,하이텍팜,KOSDAQ,일반,기초 의약물질 제조업,주사제용 무균 원료의약품(Sterile Imipenem 외),10140.0,107820000000.0,0.80743,9.04,8.934284615384614,12558.364192561585,1.479
001040,CJ,KOSPI,일반,기타 금융업,지주회사,129050.0,3765291000000.0,0.80867,97.99,0.8252757768306859,159583.01903124884,2.557
453860,에이에스텍,KOSDAQ,일반,기타 화학제품 제조업,자외선 차단제 유기 원료,8020.0,51684000000.0,0.80875,,-11.193422693266832,9916.537867078825,6.234
253450,스튜디오드래곤,KOSDAQ GLOBAL,일반,"영화, 비디오물, 방송프로그램 제작 및 배급업","드라마 제작, 판매",20850.0,626719000000.0,0.80887,20.05,4.034651318944844,25776.700829552337,
154030,아시아종묘,KOSDAQ,일반,작물 재배업,종자,1692.0,20408000000.0,0.80923,17.44,4.639202718676123,2090.8765122400305,
950190,고스트스튜디오,KOSDAQ,일반,소프트웨어 개발 및 공급업,"캐주얼게임, 소셜카지노게임",9720.0,126525000000.0,0.80966,13.33,6.07245,12005.03915223674,5.7
016880,웅진,KOSPI,일반,기타 금융업,"교육서비스(웅진아이큐,중.고교학습,어린이마을),도서,잡지 출판/부동산 임대/인터넷관련사업",1843.0,147305000000.0,0.80985,2.91,27.85919153553988,2275.730073470396,684.169
041520,이엘씨,KOSDAQ,일반,"측정, 시험, 항해, 제어 및 기타 정밀기기 제조업; 광학기기 제외",반도체장비용 유량계와 유량 제어장치,12310.0,150043000000.0,0.81,9.07,8.929082047116166,15197.53086419753,2.965
282720,금양그린파워,KOSDAQ,일반,전기 및 통신 공사업,"플랜트, 발전소 및 신재생에너지 발전소 공사 및 용역",7640.0,92592000000.0,0.81323,,-0.830260994764398,9394.636203779988,3.927
056190,SFA,KOSDAQ GLOBAL,건설/인프라 피어,특수 목적용 기계 제조업,"디스플레이, 2차전지, 반도체 제조설비 및 공장자동화기기",28350.0,1018013000000.0,0.81406,16.58,4.910203174603174,34825.44284205096,3.351
011560,세보엠이씨,KOSDAQ,건설/인프라 피어,건물설비 설치 공사업,"건설관련설비,ACESS FLOOR,소음기,CHAMMBER,PFP UNIT,BY-PASS UNIT,DUCT,철구조물",24900.0,251113000000.0,0.8141,5.73,14.21568995983936,30585.92310526962,2.41
393970,대진첨단소재,KOSDAQ,일반,플라스틱제품 제조업,"이차전지 공정용 대전방지트레이, 대전방지코팅액, 이차전지용 PET이형필름",2825.0,50428000000.0,0.8146,,-58.391681415929206,3467.959734839185,
079190,케스피온,KOSDAQ,일반,통신 및 방송 장비 제조업,휴대폰안테나,1318.0,12638000000.0,0.81678,,-8.98581942336874,1613.653615416636,56.388
214680,디알텍,KOSDAQ,일반,의료용 기기 제조업,"X-ray Detector, X-ray System",3930.0,65612000000.0,0.81705,,-15.426236641221374,4809.987148889297,
089150,케이씨티,KOSDAQ,일반,"컴퓨터 프로그래밍, 시스템 통합 및 관리업","금융단말시스템,복표발매기,마권발매기",1666.0,28571000000.0,0.81807,13.22,6.187084033613445,2036.5005439632307,4.802
400760,NH올원리츠,KOSPI,일반,부동산 임대 및 공급업,부동산투자,2875.0,157921000000.0,0.81825,,-0.9392086956521739,3513.5960892147873,10.435
038290,마크로젠,KOSDAQ,일반,"그외 기타 전문, 과학 및 기술 서비스업","DNA Sequencing, Microarray, Genetically Engineered Mouse",11740.0,127278000000.0,0.81829,12.36,6.621597103918228,14346.991897737966,4.259
195940,HK이노엔,KOSDAQ GLOBAL,일반,의약품 제조업,"전문의약품, 숙취해소음료",38700.0,1096366000000.0,0.82009,12.77,6.420859689922481,47189.9425672792,1.059
018880,한온시스템,KOSPI,일반,일반 목적용 기계 제조업,"자동차용부품(라디에이터,히터,에어콘,압축기,콘덴서,컴퓨레사) 제조,도매",3445.0,3535435000000.0,0.82087,,-0.14296719883889697,4196.766844932815,8.064
310200,애니플러스,KOSDAQ,일반,"영화, 비디오물, 방송프로그램 제작 및 배급업",방송통신사업,1948.0,101613000000.0,0.82284,11.6,7.096361396303902,2367.410432161781,3.593
100120,뷰웍스,KOSDAQ,일반,의료용 기기 제조업,X-Ray Detector,25600.0,229668000000.0,0.82328,5.54,14.8672790625,31095.131668448157,2.695
001430,세아베스틸지주,KOSPI,일반,1차 철강 제조업,"특수강,철도용품,자동차부품 제조,수출입",45550.0,1633519000000.0,0.82344,18.43,4.468811591657519,55316.720101039544,2.634
049550,잉크테크,KOSDAQ,일반,기타 화학제품 제조업,"잉크젯프린터용 잉크카트리지, 재충전 잉크",3460.0,67837000000.0,0.82358,9.13,9.021295375722541,4201.170499526458,2.164
207760,미스터블루,KOSDAQ,일반,기타 정보 서비스업,"온라인 만화 콘텐츠 서비스 및 제공, 만화 출판",2155.0,35807000000.0,0.82461,,-29.234433410672857,2613.356617067462,2.32
372170,윤성에프앤씨,KOSDAQ,일반,특수 목적용 기계 제조업,2차전지용 믹싱시스템,20500.0,163570000000.0,0.82494,24.49,3.3681696585365852,24850.292142458846,0.39
031860,디에이치엑스컴퍼니,KOSDAQ,일반,상품 종합 도매업,FLC,6930.0,18714000000.0,0.82505,,-163.95041197691197,8399.490939943034,2450.58
238500,솔루믹스,KONEX,일반,"그외 기타 전문, 과학 및 기술 서비스업","모듈, 퍼스널 모빌리티기기",475.0,9883000000.0,0.826,,,575.0605326876514,
206640,바디텍메드,KOSDAQ,일반,의료용품 및 기타 의약 관련제품 제조업,면역진단기기 및 카트리지,9320.0,204181000000.0,0.82616,8.22,10.052204291845495,11281.107775733513,1.609
403850,더핑크퐁컴퍼니,KOSDAQ,일반,"영화, 비디오물, 방송프로그램 제작 및 배급업","콘텐츠, 라이선스, MD, 기타",12120.0,173934000000.0,0.82629,3.93,21.011763861386136,14667.973713829286,
273640,와이엠텍,KOSDAQ,일반,"전동기, 발전기 및 전기 변환 · 공급 · 제어 장치 제조업",계전기(EV Relay),5160.0,56584000000.0,0.82705,24.81,3.33384496124031,6239.0423795417455,1.938
237880,클리오,KOSDAQ,일반,기타 화학제품 제조업,"색조화장품, 기초화장품",12330.0,222819000000.0,0.82716,7.56,10.93488077858881,14906.42680980705,2.028
033340,좋은사람들,KOSDAQ,일반,봉제의복 제조업,패션내의,460.0,44597000000.0,0.82744,,-26.082347826086956,555.9315479067969,3.328
025770,한국정보통신,KOSDAQ,일반,전기 통신업,"신용카드부가통신업(VAN),전자지급결제대행업(PG)",7980.0,298805000000.0,0.82763,8.31,9.956451127819548,9641.989778040912,3.634
099410,동방선기,KOSDAQ,일반,선박 및 보트 건조업,"조선기자재, 선박용 배관",3210.0,44940000000.0,0.82915,3.92,21.129118380062305,3871.4346017005364,2.57
076080,웰크론한텍,KOSDAQ,건설/인프라 피어,건물 건설업,"에너지절감설비,자동화배합설비,환경설비",1137.0,25689000000.0,0.82958,,-61.58008091468778,1370.573061067046,4.398
052260,현대바이오랜드,KOSDAQ,일반,기타 화학제품 제조업,"천연물질 추출물, 미생물 배양제품",3995.0,119850000000.0,0.83056,8.98,9.251544430538171,4810.007705644385,1.752
225530,HC보광산업,KOSDAQ,일반,기타 비금속 광물제품 제조업,"콘크리트용 부순골재, 아스콘, 레미콘",2100.0,76311000000.0,0.83077,233.33,0.3560442857142857,2527.7754372449654,2.381
227610,아우딘퓨쳐스,KOSDAQ,일반,기타 화학제품 제조업,"기초화장품, 마스크팩 등",1048.0,20304000000.0,0.83084,,-5.2323893129771,1261.3740311010542,6.14
288980,모아데이타,KOSDAQ,일반,소프트웨어 개발 및 공급업,인공지능 기반 ICT 시스템 이상탐지 및 예측 솔루션,267.0,9713000000.0,0.83119,,-237.52732958801502,321.2261937703774,
317400,자이에스앤디,KOSPI,일반,부동산 임대 및 공급업,"부동산 관리, 정보통신 공사, 아파트 AS 및 옵션 제품 공급, 건축물 시공 및 분양",10270.0,398296000000.0,0.83138,11.21,7.415229600778968,12352.955327287162,1.461
073240,금호타이어,KOSPI,일반,고무제품 제조업,"타이어,튜브 제조,도매,무역",7130.0,2048165000000.0,0.83244,4.3,19.369115848527347,8565.181874969969,28.834
036800,나이스정보통신,KOSDAQ,일반,전기 통신업,카드 VAN사업,8020.0,364910000000.0,0.83311,6.94,11.998030548628428,9626.579923419476,2.743
317830,에스피시스템스,KOSDAQ,일반,특수 목적용 기계 제조업,산업용 갠트리 로봇,4365.0,47027000000.0,0.83451,,-8.966441924398625,5230.614372506022,0.458
101930,인화정공,KOSDAQ,일반,선박 및 보트 건조업,선박엔진부품,6460.0,295187000000.0,0.83457,12.03,6.937524613003096,7740.51307859137,4.644
298050,HS효성첨단소재,KOSPI,일반,화학섬유 제조업,PET타이어코드,166300.0,745015000000.0,0.83496,20.08,4.15873342152736,199171.2177828878,1.503
005830,DB손해보험,KOSPI,일반,보험업,"자동차보험,화재보험,해상보험,특종보험,장기보험",190000.0,12445066000000.0,0.83693,7.21,11.611743015789472,227020.1808992389,4.0
256840,한국비엔씨,KOSDAQ,일반,기초 의약물질 제조업,필러 등 생체재료의료물질 개발,2765.0,189111000000.0,0.83851,,-2.092484267631103,3297.515831653767,2.532
404990,신한서부티엔디리츠,KOSPI,일반,부동산 임대 및 공급업,부동산투자,3785.0,233261000000.0,0.83952,9.53,8.805533421400265,4508.528683056985,7.081
086980,쇼박스,KOSDAQ,일반,"영화, 비디오물, 방송프로그램 제작 및 배급업",영화투자및배급,1830.0,114261000000.0,0.84158,5.7,14.762140983606557,2174.4813327312913,8.197
186230,그린플러스,KOSDAQ,일반,1차 비철금속 제조업,"첨단유리온실, 온실용자재설치공사, 알루미늄 압출/가공제품",3190.0,34835000000.0,0.84268,,-19.098985579937306,3785.5413680163288,
059100,아이컴포넌트,KOSDAQ,일반,전자부품 제조업,액정평판디스플레이용 플라스틱 박판필름 제조업,6470.0,45748000000.0,0.8427,4.37,19.276599690880992,7677.702622522843,2.318
136480,하림,KOSDAQ,일반,"도축, 육류 가공 및 저장 처리업","육계, 육계가공식품",2645.0,280924000000.0,0.84331,15.29,5.515789413988657,3136.450415624148,1.512
052600,한네트,KOSDAQ,일반,전기 통신업,"현금서비스, 예금인출",2965.0,34286000000.0,0.84378,7.86,10.72866981450253,3513.949133660433,6.071
134060,이퓨쳐,KOSDAQ,일반,"서적, 잡지 및 기타 인쇄물 출판업",Smart Phonics 등(외국어 어학교재),5310.0,25324000000.0,0.84455,14.05,6.012050847457627,6287.371973240187,4.708
119830,아이텍,KOSDAQ,일반,"그외 기타 전문, 과학 및 기술 서비스업",비메모리 반도체 테스트,6030.0,160027000000.0,0.84469,,-6.191591708126037,7138.713610910511,1.658
357120,코람코라이프인프라리츠,KOSPI,일반,부동산 임대 및 공급업,부동산 투자 및 관리,4065.0,395668000000.0,0.84475,52.79,1.6001414514145142,4812.074578277597,8.044
352480,씨앤씨인터내셔널,KOSDAQ,일반,기타 화학제품 제조업,색조 화장품,22400.0,305309000000.0,0.84641,35.78,2.365413660714286,26464.7156815255,4.464
264660,씨앤지하이테크,KOSDAQ,일반,특수 목적용 기계 제조업,"약액혼합공급장치, 화학약품재생장치",13280.0,129097000000.0,0.84712,6.49,13.044882530120482,15676.645575597318,4.142
083660,CSA 코스믹,KOSDAQ,일반,기타 화학제품 제조업,화장품 제조 및 판매,1533.0,26711000000.0,0.84716,,-32.65959295499022,1809.5755229236506,48.924
198440,강동씨앤엘,KOSDAQ,일반,"시멘트, 석회, 플라스터 및 그 제품 제조업","시멘트, 레미콘",1790.0,109068000000.0,0.8482,162.73,0.5212402234636871,2110.351332232964,0.838
185750,종근당,KOSPI,일반,의약품 제조업,"딜라트렌,리피로우",64200.0,886138000000.0,0.84858,11.15,7.610784485981307,75655.80145655095,0.779
296640,이노에이엑스,KOSDAQ,일반,소프트웨어 개발 및 공급업,"InnoRules, InnoProduct",6160.0,31898000000.0,0.85019,6.14,13.84319107142857,7245.43925475482,3.571
065570,삼영이엔씨,KOSDAQ,일반,통신 및 방송 장비 제조업,"GMDSS장비, GPS플로터 등",764.0,12295000000.0,0.85039,,-32.05658638743456,898.4113171603617,9.162
192080,더블유게임즈,KOSPI,일반,소프트웨어 개발 및 공급업,모바일게임,58300.0,1234413000000.0,0.85308,6.93,12.30161845626072,68340.6011159563,2.058
079950,인베니아,KOSDAQ,일반,특수 목적용 기계 제조업,"Dry Etcher, 진공합착기, LCD Panel 검사장비, OLED용 진공합착기",1375.0,18973000000.0,0.85327,,-45.30088,1611.4477246358128,13.56
009410,태영건설,KOSPI,건설/인프라 피어,토목 건설업,"종합건설업(토목공사,도로공사,건축공사,관급공사,환경공사,상하수도공사,하수종말처리공사)/부동산 임대,매매",1669.0,496677000000.0,0.85369,2.96,28.797331935290593,1955.0422284435804,45.703
130580,나이스디앤비,KOSDAQ,일반,기타 사업지원 서비스업,기업신용조사 보고서,6820.0,105028000000.0,0.85489,7.12,12.008572140762464,7977.634549474201,3.314
008970,KBI동양철관,KOSPI,건설/인프라 피어,1차 철강 제조업,"수도용 도복장 강관,주물(강관말뚝),가스관 제조/아파트건설",1181.0,122548000000.0,0.85579,,-3.26084250635055,1380.0114514074714,2.041
002800,신신제약,KOSDAQ,일반,의약품 제조업,파스류 (신신파스 아렉스 등),4485.0,68039000000.0,0.8563,5.05,16.954167224080265,5237.650356183581,1.784
046890,서울반도체,KOSDAQ GLOBAL,일반,반도체 제조업,"Display, Chip LED, Lamp",9940.0,579555000000.0,0.85835,,-0.25042404426559356,11580.357662958002,1.368
332370,아이디피,KOSDAQ,일반,컴퓨터 및 주변장치 제조업,"카드인쇄용 프린터, 카드인쇄용 리본",5340.0,70881000000.0,0.85851,7.32,11.736185393258427,6220.078974036412,3.184
234300,에스트래픽,KOSDAQ,일반,"컴퓨터 프로그래밍, 시스템 통합 및 관리업","교통관련 솔루션 개발, 시스템통합 S/W 개발",3190.0,86792000000.0,0.859,,-1.5348902821316615,3713.6204889406285,4.389
005850,에스엘,KOSPI,일반,자동차 신품 부품 제조업,"자동차부품(자동차램프, 전동화부품, 전자부품) 제조, 판매",50700.0,2354939000000.0,0.85951,6.18,13.9149074556213,58987.097299624205,5.464
067160,SOOP,KOSDAQ GLOBAL,일반,소프트웨어 개발 및 공급업,1인미디어플랫폼,36950.0,424731000000.0,0.85954,4.84,17.753746359945872,42988.10991925914,9.147
060720,KH바텍,KOSDAQ,일반,전자부품 제조업,"휴대폰부품(SHIELD, BRACKET)",10980.0,259978000000.0,0.86024,15.75,5.46072204007286,12763.879847484422,3.324
332290,누보,KOSDAQ,일반,"비료, 농약 및 살균, 살충제 제조업",기업 인수 및 합병,4360.0,34615000000.0,0.8612,6.08,14.162394495412844,5062.703204830469,
025820,이구산업,KOSPI,일반,1차 비철금속 제조업,"동판.조,황동판.조,인청동판.조 제조,임가공/부동산 임대",4370.0,146141000000.0,0.86292,5.99,14.414910755148744,5064.200621146803,2.059
365330,에스와이스틸텍,KOSDAQ,일반,"구조용 금속제품, 탱크 및 증기발생기 제조업",데크플레이트,1562.0,78367000000.0,0.86499,,-7.7527912932138285,1805.8012231355276,2.633
025950,동신건설,KOSDAQ,건설/인프라 피어,토목 건설업,토목,10090.0,84756000000.0,0.8657,347.93,0.24881367690782955,11655.307843363751,1.487
351330,이삭엔지니어링,KOSDAQ,건설/인프라 피어,"컴퓨터 프로그래밍, 시스템 통합 및 관리업",공장자동화 설비제어,3420.0,28346000000.0,0.86664,,-27.46894035087719,3946.2752700083083,73.099
408470,한패스,KOSDAQ,일반,기타 금융업,"디지털 송금 서비스, 전자지갑 서비스, 선불카드 서비스",4840.0,51168000000.0,0.86835,48.4,1.794111570247934,5573.789370645477,
103140,풍산,KOSPI,일반,1차 비철금속 제조업,nan,80000.0,2241942000000.0,0.87264,11.1,7.8581232,91675.83425009168,2.125
004770,써니전자,KOSPI,일반,전자부품 제조업,"수정진동자,수정발진기,초음파지연선,MCF,축수나사 제조,도매,수출입",2135.0,75808000000.0,0.87265,23.99,3.6377447306791564,2446.570790122042,1.639
418550,제이오,KOSDAQ,건설/인프라 피어,"건축기술, 엔지니어링 및 관련 기술 서비스업","탄소나노튜브, 금속탱크 및 유사용기",5050.0,161689000000.0,0.87376,,-3.5642487128712874,5779.61911737777,
065420,에스아이리소스,KOSDAQ,일반,기타 화학제품 제조업,유연탄,940.0,7283000000.0,0.87447,,-48.840079787234046,1074.936818873146,474.418
240550,동방메디컬,KOSDAQ,일반,의료용 기기 제조업,"필러, 한방침",5810.0,121626000000.0,0.87464,7.52,11.636776592082617,6642.733010152749,
025890,한국주강,KOSPI,일반,특수 목적용 기계 제조업,"주강,주물 제조,도매",2570.0,28641000000.0,0.87474,,-1.4976093385214007,2938.0158675720786,3.708
263720,디앤씨미디어,KOSDAQ,일반,"서적, 잡지 및 기타 인쇄물 출판업",웹소설 콘텐츠,7060.0,86453000000.0,0.87587,8.89,9.85043597733711,8060.556931964789,0.339
362320,청담글로벌,KOSDAQ,일반,생활용품 도매업,글로벌 화장품 유통,4460.0,92290000000.0,0.87618,23.23,3.771895964125561,5090.278253326942,
051900,LG생활건강,KOSPI,일반,기타 화학제품 제조업,"화장품,생활용품 제조,도매",292000.0,4372852000000.0,0.87834,,-1.3060795479452054,332445.29453286884,0.685
014710,사조씨푸드,KOSPI,일반,수산물 가공 및 저장 처리업,횟감용 참치 및 기타 일반수산물,9960.0,171496000000.0,0.87871,,-16.630204317269076,11334.79760102878,0.502
208890,미래엔에듀파트너,KONEX,일반,교육지원 서비스업,방과후 교육,903.0,3616000000.0,0.879,,,1027.3037542662116,
212560,네오오토,KOSDAQ,일반,자동차 신품 부품 제조업,"자동차부품(피니언기어, 디프어셈블리, 대형기어), 로봇 및 로봇부품, 모빌리티 부품 제조",10210.0,137695000000.0,0.87958,9.55,9.20931459353575,11607.812819754883,1.959
214390,경보제약,KOSPI,일반,기초 의약물질 제조업,"아토르바스타틴, 세프티족심, 세프트리약손",5460.0,130531000000.0,0.87989,25.88,3.400307509157509,6205.321119685415,0.916
128660,피제이메탈,KOSDAQ,일반,1차 비철금속 제조업,"탈산제, 조재제",2875.0,71309000000.0,0.883,4.95,17.844278260869565,3255.9456398640996,5.913
228670,레이,KOSDAQ,일반,의료용 기기 제조업,"디지털 치료솔루션(CT scan 장비, 3D 프린터), 디지털 진단시스템(X-ray, CT 등)",4630.0,72413000000.0,0.88305,7.52,11.748570194384449,5243.191212275636,
067920,이글루,KOSDAQ,일반,기타 정보 서비스업,"통합보안관리솔루션, 보안관제서비스",6040.0,66416000000.0,0.88404,,-0.46836556291390724,6832.27003303018,3.477
037760,쎄니트,KOSDAQ,일반,1차 철강 제조업,스테인레스 냉연강판,2345.0,79338000000.0,0.88411,,-2.299817057569296,2652.3848842338625,2.132
100090,SK오션플랜트,KOSPI,일반,1차 철강 제조업,해상풍력 하부구조물,11980.0,748487000000.0,0.88477,15.32,5.775376794657762,13540.242096816122,0.083
055550,신한지주,KOSPI,일반,기타 금융업,금융지주회사,111900.0,52531481000000.0,0.88499,10.01,8.83724598748883,126442.10669047108,2.315
069330,유아이디,KOSDAQ,일반,전자부품 제조업,"ITO COATING, GLASS LAMINATION",1276.0,21631000000.0,0.88563,6.35,13.950754702194356,1440.7822679900185,7.837
001550,조비,KOSPI,일반,"비료, 농약 및 살균, 살충제 제조업","복합비료(연초용,수도용,시판용,특수작물용),양액재배용 비료,완효성 비료,부직포 제조,무역",10510.0,54570000000.0,0.88597,21.32,4.155882112274025,11862.70415476822,3.541
016360,삼성증권,KOSPI,일반,금융 지원 서비스업,"유가증권의 매매,위탁매매,인수주선",85900.0,7670870000000.0,0.8872,5.24,16.923933876600696,96821.4607754734,4.657
458350,에스팀,KOSDAQ,일반,기타 사업지원 서비스업,"콘텐츠, 매니지먼트",3005.0,26093000000.0,0.88722,53.66,1.6533883527454243,3386.984062577489,
169330,엠브레인,KOSDAQ,일반,시장조사 및 여론조사업,온라인 및 오프라인 리서치,1415.0,25918000000.0,0.88847,70.75,1.2557879858657244,1592.6255247785518,6.36
003780,진양산업,KOSPI,일반,플라스틱제품 제조업,"합성수지,폴리우레탄스폰지 제조,도매,수출입",4400.0,57200000000.0,0.88904,9.89,8.991427272727273,4949.158643030684,8.136
499790,GS피앤엘,KOSPI,일반,기타 금융업,지주회사,39000.0,773402000000.0,0.88932,23.93,3.716901538461539,43853.73094049386,0.897
171010,램테크놀러지,KOSDAQ,일반,기초 화학물질 제조업,"반도체 식각액, 박리액, 세정액 등",2590.0,37033000000.0,0.88988,,-19.00014054054054,2910.504787162314,
258610,케일럼,KOSDAQ,건설/인프라 피어,"구조용 금속제품, 탱크 및 증기발생기 제조업","지열발전설비, 항공기MRO, 항공부품제조",1197.0,43672000000.0,0.8902,74.81,1.189908103592314,1344.6416535609976,
006570,대림통상,KOSPI,일반,기타 금속 가공제품 제조업,"수전금구,비데,위생도기,샤워부스,타일,양식기,무역",1944.0,29597000000.0,0.89233,,-39.88861985596708,2178.566225499535,1.543
419540,비스토스,KOSDAQ,일반,의료용 기기 제조업,환자 및 태아감시장치,3175.0,18917000000.0,0.89314,,-6.076165039370079,3554.8738159750988,0.541
448710,코츠테크놀로지,KOSDAQ,일반,컴퓨터 및 주변장치 제조업,"싱글보드컴퓨터(SBC), 군용 전시기 등",11490.0,60728000000.0,0.894,7.75,11.53874673629243,12852.34899328859,1.305
013030,하이록코리아,KOSDAQ,일반,1차 철강 제조업,관이음쇠,36950.0,434832000000.0,0.89429,7.64,11.711689607577808,41317.69336568675,3.654
200670,휴메딕스,KOSDAQ,일반,의약품 제조업,"히알루론산 관절염치료제, 히알루론산 더말필러",25050.0,281309000000.0,0.89431,6.13,14.594567984031936,28010.421442229203,3.673
464500,아이언디바이스,KOSDAQ,일반,반도체 제조업,스마트폰용 오디오 앰프 반도체 Soc,1636.0,22892000000.0,0.89556,,-14.506320293398534,1826.789941489124,
408900,스튜디오미르,KOSDAQ,일반,"영화, 비디오물, 방송프로그램 제작 및 배급업",애니메이션 제작,1014.0,33211000000.0,0.89584,,-0.17669428007889545,1131.8985533130917,0.082
014910,성문전자,KOSPI,일반,전자부품 제조업,"콘덴서용 증착필름,압력분무식 플러스자동도포기 제조,판매",2075.0,45353000000.0,0.89661,14.72,6.092626987951808,2314.2726492008787,0.241
275630,에스에스알,KOSDAQ,일반,소프트웨어 개발 및 공급업,"취약점 진단 솔루션, 모의해킹 컨설팅",3915.0,20568000000.0,0.89774,,-11.213150957854406,4360.950832089469,1.916
417970,모델솔루션,KOSDAQ,일반,특수 목적용 기계 제조업,"하이엔드 프로토타입 제조, 다품종 소량생산 서비스",10650.0,68124000000.0,0.89788,7.68,11.685086197183098,11861.273221365884,2.629
023440,제이스코홀딩스,KOSDAQ,일반,1차 철강 제조업,"연강선재, 경강선재, CHQ외",521.0,46964000000.0,0.89803,,-50.848147792706335,580.1587920225383,10.756
464580,닷밀,KOSDAQ,일반,"영화, 비디오물, 방송프로그램 제작 및 배급업","실감미디어 콘텐츠 및 시설 구축, 전시 및 테마파크 운영",1488.0,27388000000.0,0.89815,,-1.750426747311828,1656.738852084841,
101730,위메이드맥스,KOSDAQ,일반,소프트웨어 개발 및 공급업,실크로드 온라인,4640.0,388847000000.0,0.89931,,-10.46610775862069,5159.511180794164,2.63
431190,케이쓰리아이,KOSDAQ,일반,소프트웨어 개발 및 공급업,XR 실감형콘텐츠,3880.0,29047000000.0,0.89987,,-11.317952577319586,4311.7339171213625,
950140,잉글우드랩,KOSDAQ,일반,기타 화학제품 제조업,화장품OEM·ODM,8310.0,165101000000.0,0.90278,5.09,17.729686642599276,9204.900418706662,2.419
418470,KT밀리의서재,KOSDAQ,일반,"서적, 잡지 및 기타 인쇄물 출판업",전자책 정기구독 서비스,9390.0,80432000000.0,0.90418,5.28,17.139940362087327,10385.100311884802,5.857
096770,SK이노베이션,KOSPI,일반,석유 정제품 제조업,"석유정제,석유화학제품,윤활유제품,아스팔트제품,의약중간체 제조,판매,유전개발,대체에너지사업",137200.0,23194042000000.0,0.90426,,-4.581276428571428,151726.27341693762,1.458
085620,미래에셋생명,KOSPI,일반,보험업,생명보험상품,19390.0,2621140000000.0,0.9053,27.78,3.258893243940175,21418.314370926764,0.516
005940,NH투자증권,KOSPI,일반,금융 지원 서비스업,"증권업,종합금융",25600.0,9451676000000.0,0.90595,6.22,14.5765939453125,28257.630112037088,5.078
434480,모니터랩,KOSDAQ,일반,소프트웨어 개발 및 공급업,"웹방화벽,유해사이트솔루션,가시성SSL 솔루션, SASE플랫폼기반 SECaaS",2970.0,36561000000.0,0.90702,19.04,4.764145454545455,3274.459218098829,
382840,원준,KOSDAQ,일반,특수 목적용 기계 제조업,2차전지용 열처리 장비,5160.0,78801000000.0,0.90703,,-36.10541899224806,5688.8967288843805,3.876
000080,하이트진로,KOSPI,일반,알코올음료 제조업,"맥주, 소주",14960.0,1049198000000.0,0.90864,22.63,4.014779679144385,16464.166226448317,4.679
067000,조이시티,KOSDAQ,일반,소프트웨어 개발 및 공급업,온라인게임(프리스타일농구),1108.0,77453000000.0,0.91028,,-12.241129963898917,1217.207892077163,2.083
307280,원바이오젠,KOSDAQ,일반,의료용품 및 기타 의약 관련제품 제조업,"창상피복제, 습윤드레싱제",6000.0,42567000000.0,0.9106,5.09,17.89329,6589.062156819679,2.333
000880,한화,KOSPI,건설/인프라 피어,기타 화학제품 제조업,"화약,화공품,자동선반류,공작기계 제조,전자교환기,건설,정보통신,종합무역/임직원 및 개인대상 교육,세미나 및 워크샵 중계,동영상광고",136500.0,7279394000000.0,0.91071,15.87,5.73847378021978,149883.0582732154,0.806
279570,케이뱅크,KOSPI,일반,은행 및 저축기관,은행 및 저축기관,5430.0,2202924000000.0,0.91249,23.71,3.8482543278084718,5950.750145207071,
039490,키움증권,KOSPI,일반,금융 지원 서비스업,"유가증권의 매매, 위탁, 인수, 주선",263000.0,6898047000000.0,0.91254,4.12,22.152168730038024,288206.5443706577,4.373
061970,LB세미콘,KOSDAQ,일반,반도체 제조업,"골드범핑, 솔더범핑 등",4050.0,283836000000.0,0.91487,,-42.038841234567904,4426.858460764917,1.132
475560,더본코리아,KOSPI,일반,상품 종합 도매업,프랜차이즈,14840.0,220047000000.0,0.91535,,-2.7448163746630727,16212.377778991642,3.369
092070,디엔에프,KOSDAQ,일반,기타 화학제품 제조업,반도체배선박막재료(알루미늄전구체),12320.0,142565000000.0,0.91672,36.24,2.529909090909091,13439.218081857056,0.812
041460,한국전자인증,KOSDAQ,일반,소프트웨어 개발 및 공급업,"개인용이메일 보안,인증업무,전자상거래관련 인증서비스/기업용 인증솔루션 제공",3475.0,66025000000.0,0.91703,11.58,7.916805755395684,3789.4071077282097,2.763
274090,켄코아에어로스페이스,KOSDAQ,일반,"항공기,우주선 및 부품 제조업",항공가공품 및 조립품,13830.0,190497000000.0,0.9172,,-5.584109906001446,15078.49978194505,
054540,삼영엠텍,KOSDAQ,일반,"구조용 금속제품, 탱크 및 증기발생기 제조업","구조용 특수장치, 교량부품",6730.0,87490000000.0,0.91759,5.87,15.63856953937593,7334.430410096013,2.452
272290,이녹스첨단소재,KOSDAQ GLOBAL,일반,전자부품 제조업,"FPCB소재, 반도체 및 디스플레이 소재",20400.0,406725000000.0,0.9176,6.78,13.543596078431372,22231.909328683523,1.716
201490,미투온,KOSDAQ,일반,소프트웨어 개발 및 공급업,소셜 카지노 게임,4175.0,136621000000.0,0.91784,112.84,0.8134150898203593,4548.723088991545,1.557
010060,OCI홀딩스,KOSPI,일반,기타 금융업,"타르제품,카본블랙,무수프탈산,농약원제,석탄화학제품,정밀화학제품,플라스틱창호재 제조,판매",207000.0,3864738000000.0,0.918,103.71,0.8851826086956522,225490.19607843136,0.483
367000,플래티어,KOSDAQ,일반,소프트웨어 개발 및 공급업,E-Commerce Platform 구축,3560.0,29862000000.0,0.91954,,-5.915018539325843,3871.5009678752417,
072130,유엔젤,KOSPI,일반,"자료처리, 호스팅, 포털 및 기타 인터넷 정보매개 서비스업","소프트웨어(무선인터넷 솔루션,ASP통신사업자용 지능망솔루션 및 단문메세지센터) 개발,공급",4890.0,62080000000.0,0.91992,9.7,9.481384049079754,5315.679624315158,2.045
053260,금강철강,KOSDAQ,일반,1차 철강 제조업,"냉연압연강판, 산세코일",7180.0,134409000000.0,0.92035,21.12,4.358203342618385,7801.3799098169175,2.368
060590,씨티씨바이오,KOSDAQ,일반,의약품 제조업,"동물용항병원성제품, 생균효소제",3055.0,73873000000.0,0.92207,9.82,9.386702782324058,3313.1974795839797,2.08
432320,KB스타리츠,KOSPI,일반,부동산 임대 및 공급업,"벨기에 North Galaxy Towers, 영국 Samsung Europe HQ",1773.0,267305000000.0,0.92441,,-56.674205865764236,1917.9801170476305,17.602
247660,나노씨엠에스,KOSDAQ,일반,전자부품 제조업,"근적외선 흡수/반사 안료, 자외선 유기형광 안료, 적외선 발광체",4450.0,23277000000.0,0.92674,22.82,4.060995505617977,4801.778276539267,
038500,삼표시멘트,KOSDAQ GLOBAL,일반,기타 비금속 광물제품 제조업,시멘트 제품,6910.0,745701000000.0,0.92728,20.94,4.428399421128799,7451.902338020878,1.751
398120,에스지헬스케어,KOSDAQ,일반,의료용 기기 제조업,의료용 영상진단기기,2010.0,23801000000.0,0.9289,21.16,4.390323383084578,2163.849714716331,
011700,한신기계,KOSPI,일반,일반 목적용 기계 제조업,"공기압축기,공구류 제조,판매/오파",2535.0,82250000000.0,0.93149,,-0.2939613412228797,2721.4462849842726,0.789
098660,에스티오,KOSDAQ,일반,봉제의복 제조업,"셔츠,자켓/바지, 타이",1610.0,20126000000.0,0.93302,,-24.745313043478262,1725.5793016226876,2.484
318160,셀바이오휴먼텍,KOSDAQ,일반,기타 섬유제품 제조업,"화장품, 화장품용 소재",7360.0,68724000000.0,0.93382,6.5,14.375245380434782,7881.6045918913715,
043200,파루,KOSDAQ,일반,"전동기, 발전기 및 전기 변환 · 공급 · 제어 장치 제조업","온습도 조절기(에어쿨), 무인방제기(야호)",1185.0,24769000000.0,0.934,,-4.25620253164557,1268.7366167023554,21.524
330350,위더스제약,KOSDAQ,일반,의약품 제조업,의약품 제조 및 도소매(순환기용제 등),7340.0,96885000000.0,0.93725,12.17,7.69975136239782,7831.421712456655,1.362
096870,엘디티,KOSDAQ,일반,반도체 제조업,"OLED구동IC,LED구동IC,LCD구동IC",2445.0,20410000000.0,0.93932,11.75,7.990943149284255,2602.9468125878293,
347890,엠엑스온,KOSDAQ,일반,"측정, 시험, 항해, 제어 및 기타 정밀기기 제조업; 광학기기 제외","스마트HMI, 스마트SCADA, 스마트팩토리솔루션",4235.0,72050000000.0,0.9419,30.69,3.069237308146399,4496.231022401529,1.417
469750,아이비젼웍스,KOSDAQ,일반,특수 목적용 기계 제조업,이차전지 검사시스템 및 검사시스템 설치셋업용역,991.0,34146000000.0,0.94223,36.7,2.5671251261352173,1051.7601859418612,
031330,에스에이엠티,KOSDAQ,일반,기계장비 및 관련 물품 도매업,"반도체(메모리,비메모리), CPU, TFT-LCD, 네트웍 장비, PC 및 주변기기, 이동통신수탁사업",8360.0,835958000000.0,0.94236,2.11,44.683194258373206,8871.344284562163,2.751
102120,어보브반도체,KOSDAQ,일반,반도체 제조업,"반도체,전자제품,마이크로컨트롤라",7310.0,129977000000.0,0.94244,13.56,6.949044596443228,7756.46194983235,2.736
086710,선진뷰티사이언스,KOSDAQ,일반,기타 화학제품 제조업,화장품 원료,6790.0,82860000000.0,0.9429,16.6,5.679618556701031,7201.187824795843,2.946
290560,파라택시스이더리움,KOSDAQ,일반,소프트웨어 개발 및 공급업,DB보안솔루션 등,1238.0,27685000000.0,0.94321,,-0.4571292407108239,1312.539095217396,
471820,셀로맥스사이언스,KOSDAQ,일반,기타 식품 제조업,건강기능식품,4020.0,45437000000.0,0.94433,15.17,6.225060945273632,4256.986434826808,4.602
081660,미스토홀딩스,KOSPI,일반,생활용품 도매업,"스포츠의류,신발,가방,시계,골프장비,화장품,가죽제품(지갑,키홀더) 도매,수출입",38300.0,2033417000000.0,0.94449,7.87,11.994776396866841,40550.985187773294,5.17
435570,에르코스,KOSDAQ,일반,도시락 및 식사용 조리식품 제조업,"영유아식, 고령친화식품, 식물기반 대체식품",6930.0,52785000000.0,0.94709,,-2.9519688311688315,7317.150429209473,1.876
082210,옵트론텍,KOSDAQ,일반,사진장비 및 광학기기 제조업,"IRFilter,Grating",1757.0,61430000000.0,0.94822,,-35.349123505976095,1852.9455189723906,1.707
044180,KD,KOSDAQ,건설/인프라 피어,건물 건설업,건설사업(완성건물),205.0,5477000000.0,0.94848,,-516.8059317073171,216.13529014844804,45746.2
452300,캡스톤파트너스,KOSDAQ,일반,기타 금융업,벤처투자조합 등 조합 결성 및 운영,2365.0,33510000000.0,0.94933,11.77,8.068301479915434,2491.230657411016,1.226
102460,이연제약,KOSPI,일반,의약품 제조업,"항생제,순환기제",10080.0,187355000000.0,0.94966,,-17.353905952380952,10614.325126887517,1.488
023160,태광,KOSDAQ GLOBAL,일반,1차 철강 제조업,"각종 배관자재, 관이음쇠류 제조 및 판매",26300.0,680308000000.0,0.95055,5.53,17.196642205323194,27668.192099310923,2.034
139670,키네마스터,KOSDAQ,일반,소프트웨어 개발 및 공급업,"NexMFW, NexPlayer EMB",2100.0,29649000000.0,0.95089,4.14,22.95720142857143,2208.457339965716,1.233
334970,프레스티지바이오로직스,KOSDAQ,일반,의약품 제조업,바이오시밀러 제조,1315.0,102244000000.0,0.95134,,-32.98943269961977,1382.2608110664958,
317240,TS트릴리온,KOSDAQ,일반,기타 화학제품 제조업,기업인수합병,1044.0,30460000000.0,0.95177,348.0,0.27349712643678165,1096.9036637002637,2.675
259630,엠플러스,KOSDAQ,건설/인프라 피어,특수 목적용 기계 제조업,이차전지 자동화 조립설비,9310.0,113790000000.0,0.95199,4.37,21.790447798066594,9779.514490698431,2.148
336370,솔루스첨단소재,KOSPI,일반,전자부품 제조업,"동박, 유압기기 등",8160.0,572932000000.0,0.95295,18.05,5.278595588235294,8562.88367700299,0.123
051630,진양화학,KOSPI,일반,플라스틱제품 제조업,"레쟈,바닥재 제조",1676.0,35531000000.0,0.9541,20.19,4.724958233890214,1756.6292841421237,3.758
218150,미래생명자원,KOSDAQ,일반,동물용 사료 및 조제식품 제조업,동물용 사료 및 조제식품 제조업,1932.0,39443000000.0,0.95489,,-8.451666149068323,2023.269695985925,
097800,윈팩,KOSDAQ,일반,반도체 제조업,반도체 패키징 및 테스트,2195.0,59901000000.0,0.95523,,-12.489795444191342,2297.8759042324887,
208640,썸에이지,KOSDAQ,일반,소프트웨어 개발 및 공급업,소프트웨어 개발 및 공급업,863.0,12016000000.0,0.95541,,-54.246917728852836,903.2771270972671,
009450,경동나비엔,KOSPI,일반,가정용 기기 제조업,"가정용기름보일러,입형,횡형 온수보일러,가스보일러,버너,흡수식 냉온수기,전기보일러,진공온수보일러,태양열보일러 제조,판매",61400.0,894511000000.0,0.95867,5.65,16.970332622149837,64047.065204919316,1.221
083790,CG인바이츠,KOSDAQ,일반,자연과학 및 공학 연구개발업,아셀렉스,996.0,76586000000.0,0.95881,199.2,0.4813303212851405,1038.7876638750117,
063170,서울옥션,KOSDAQ,일반,상품 중개업,미술품경매,5640.0,100246000000.0,0.9607,,-5.825521276595745,5870.719267201,1.773
003610,방림,KOSPI,일반,직물직조 및 직물제품 제조업,"P/C혼방직물,면방적,각종사류,직물류 제조,도소매",5680.0,182389000000.0,0.9608,16.0,6.005,5911.7402164862615,1.232
001340,PKC,KOSPI,일반,기초 화학물질 제조업,"가성소다,합성염산 제조,판매",4905.0,220862000000.0,0.96151,29.37,3.273642609582059,5101.3509999896,0.612
175330,JB금융지주,KOSPI,일반,기타 금융업,금융지주 회사,31050.0,5791502000000.0,0.96477,8.13,11.872419227053141,32183.836562082153,3.671
191410,육일씨엔에쓰,KOSDAQ,일반,전자부품 제조업,IT용 Cover Glass,1827.0,20470000000.0,0.96512,7.11,13.576126984126985,1893.0288461538462,0.456
289930,웨이비스,KOSDAQ,일반,반도체 제조업,"GaN RF 칩, 패키지 트랜지스터, 모듈 등",7880.0,103614000000.0,0.96573,1.92,50.18609581218274,8159.6305385563255,
053080,케이엔솔,KOSDAQ,건설/인프라 피어,일반 목적용 기계 제조업,클린룸 설비,8810.0,114528000000.0,0.96614,,-53.37347763904654,9118.761256132651,3.405
017810,풀무원,KOSPI,일반,기타 식품 제조업,"두부류,생면류,나물류,냉동류,조미류,김치류,묵류,녹즙,과채음료,건강보조식품 판매,제조,생식품 수출",8860.0,337748000000.0,0.96995,7.72,12.567749435665911,9134.491468632405,1.151
083500,에프엔에스테크,KOSDAQ,일반,특수 목적용 기계 제조업,"OLED, LCD 제조 공정 장비",11300.0,93862000000.0,0.97047,10.39,9.343994336283187,11643.842674168185,3.009
303030,지니틱스,KOSDAQ,일반,반도체 제조업,반도체 IC,1458.0,13351000000.0,0.97051,,-73.5537414266118,1502.3029129014642,
005180,빙그레,KOSPI,일반,동·식물성 유지 및 낙농제품 제조업,"아이스크림,우유,스낵,유산균(욥닥터캡슐) 제조",85600.0,756858000000.0,0.97107,9.31,10.429927079439253,88150.18484764229,3.855
040160,누리플렉스,KOSDAQ,건설/인프라 피어,소프트웨어 개발 및 공급업,"지능형검침인프라(AMI),에너지관리시스템, 플랫폼 SW",6540.0,77717000000.0,0.97363,20.19,4.823488073394495,6717.1307375491715,0.765
019210,와이지-원,KOSDAQ,일반,기타 금속 가공제품 제조업,"엔드밀, 탭, 드릴",13310.0,495048000000.0,0.97406,6.61,14.738969496619085,13664.455988337473,1.427
450330,하스,KOSDAQ,일반,의료용품 및 기타 의약 관련제품 제조업,"리튬디실리케이트 수복소재(Amber block, Amber Ingot 등), 지르코니아 유치관",5170.0,42325000000.0,0.97407,,-0.35797543520309477,5307.626761937027,1.161
214270,FSN,KOSDAQ,일반,소프트웨어 개발 및 공급업,카울리,1298.0,58736000000.0,0.97413,,-30.694851309707243,1332.4710254278175,
376930,노을,KOSDAQ,일반,의료용 기기 제조업,융복합 체외진단 플랫폼,1690.0,17336000000.0,0.97928,,-124.64090414201183,1725.7576995343518,
079370,제우스,KOSDAQ,일반,특수 목적용 기계 제조업,LCD제조용장비,10950.0,339636000000.0,0.97942,,-3.2557888584474886,11180.086173449594,0.457
004800,효성,KOSPI,일반,기타 금융업,"스판덱스,합성원사,나일론,폴리에스터,타이어코드지,PET병,수지제품,중전기제품(변압기,차단기),사무용기계,컴퓨터 제조/건축공사",160200.0,2681813000000.0,0.98166,5.81,16.906366666666667,163192.95886559502,3.121
067730,로지시스,KOSDAQ,일반,"컴퓨터 프로그래밍, 시스템 통합 및 관리업","전산장비 판매 및 유지보수, VAN기기 대행관리",2205.0,21330000000.0,0.98297,5.77,17.029230839002267,2243.2017253832773,6.803
137400,피엔티,KOSDAQ GLOBAL,일반,특수 목적용 기계 제조업,2차전지 및 전자소재용 Roll-to-Roll 장비,28950.0,685846000000.0,0.98307,8.93,11.009025699481866,29448.564191766607,0.691
114450,그린생명과학,KOSDAQ,일반,기초 의약물질 제조업,의약품 중간체 등,2225.0,44500000000.0,0.98326,6.05,16.26245752808989,2262.880621605679,7.888
049470,비트플래닛,KOSDAQ,일반,소프트웨어 개발 및 공급업,"SI, 소프트웨어",2130.0,50150000000.0,0.98357,,-39.342800000000004,2165.580487408115,48.033
461300,아이스크림미디어,KOSDAQ,일반,소프트웨어 개발 및 공급업,"교육출판, 커머스, 연수",18600.0,248011000000.0,0.98388,3.43,28.680630967741937,18904.74448103427,8.355
008040,사조동아원,KOSPI,일반,"곡물가공품, 전분 및 전분제품 제조업","제분, 배합사료 제조",7860.0,110939000000.0,0.98596,,-145.99985292620866,7971.925838776421,2.545
090850,현대이지웰,KOSDAQ,일반,소프트웨어 개발 및 공급업,선택적복리후생서비스,5010.0,112614000000.0,0.98695,7.09,13.927617764471057,5076.244997213638,4.391
430690,한싹,KOSDAQ,일반,소프트웨어 개발 및 공급업,망간자료전송,2980.0,32468000000.0,0.98704,,-5.829497986577182,3019.1278975522773,
032540,TJ미디어,KOSDAQ,일반,영상 및 음향기기 제조업,영상음향반주기,3780.0,78992000000.0,0.98778,20.43,4.834373015873015,3826.7630444026,5.644
0041J0,엘에스스팩1호,KOSDAQ,일반,금융 지원 서비스업,기업인수합병,1992.0,8187000000.0,0.9885,132.8,0.7443524096385543,2015.174506828528,
084990,헬릭스미스,KOSDAQ,일반,자연과학 및 공학 연구개발업,"바이오신약, 천연물신약 연구개발",3050.0,140583000000.0,0.9891,,-1.135032786885246,3083.611363866141,
088260,이리츠코크렙,KOSPI,일반,부동산 임대 및 공급업,부동산투자회사,3310.0,209660000000.0,0.99012,30.93,3.2006900302114802,3343.029127782491,10.544
053690,한미글로벌,KOSPI,건설/인프라 피어,"건축기술, 엔지니어링 및 관련 기술 서비스업","건축 설계,감리/건축공사,토목공사,설비공사,전기공사,안전공사",22100.0,242161000000.0,0.9922,16.87,5.881366515837104,22273.735134045557,1.81
023960,에쓰씨엔지니어링,KOSPI,건설/인프라 피어,토목 건설업,"기술용역(건축설계) 서비스/화학플랜트 설비,기계 제작(음식료,석유화학사업관련)/유공압기기 판매",1036.0,39405000000.0,0.99309,,-28.94914864864865,1043.2085712271798,2.413
126640,화신정공,KOSDAQ,일반,자동차 신품 부품 제조업,자동차부품,4070.0,142677000000.0,0.99324,6.52,15.228053071253072,4097.700455076316,1.843
0072Z0,KB제33호스팩,KOSDAQ,일반,금융 지원 서비스업,기업인수합병,1967.0,15509000000.0,0.99441,78.68,1.2638662938485004,1978.0573405335826,
321260,프로이천,KOSDAQ,일반,반도체 제조업,반도체검사장치 Probe Card,1735.0,48913000000.0,0.99598,5.16,19.28814293948127,1742.002851462881,3.458
482690,대신밸런스제19호스팩,KOSDAQ,일반,금융 지원 서비스업,기업 인수 및 합병,2070.0,11623000000.0,0.99725,82.8,1.2044082125603865,2075.708197543244,
053300,한국정보인증,KOSDAQ,일반,소프트웨어 개발 및 공급업,"공인인증서, PKI솔루션 등",5220.0,206530000000.0,0.99815,11.27,8.853322796934865,5229.674898562341,3.831
